['Generic Name: dextromethorphan hydrobromide, pseudoephedrine hydrochloride, pyrilamine maleate', 'Dosage Form: oral liquid']|https://www.drugs.com/pro/viravan-pdm.html
['Generic Name: phendimetrazine (Oral route)']|https://www.drugs.com/cons/phendiet.html
['Generic Name: iodine solution', 'Dosage Form: FOR ANIMAL USE ONLY']|https://www.drugs.com/pro/teat-dip-10000.html
['Generic Name: Tiotropium Capsules for Inhalation (ty oh TRO pee um)Brand Name: Spiriva Handihaler']|https://www.drugs.com/cdi/spiriva-handihaler.html
['Generic Name: betamethasone valerate (Topical application route)']|https://www.drugs.com/cons/ectosone-regular-lotion.html
['Generic Name: lidocaine hydrochloride', 'Dosage Form: cream']|https://www.drugs.com/pro/dermacinrx-lidotral.html
['Generic Name: Methylergonovine Tablets (meth il er goe NOE veen)Brand Name: Methergine']|https://www.drugs.com/cdi/methergine-methylergonovine-tablets.html
['Generic Name: Glycerin and Lidocaine (GLIS er in & LYE doe kane)Brand Name: Preparation H, RectiCare']|https://www.drugs.com/cdi/glycerin-and-lidocaine.html
['Generic Name: Sodium Chloride Nasal (SO dee um KLOR ride)Brand Name: 4-Way Saline, Afrin Saline Nasal Mist, Altamist Spray, Ayr Nasal Mist Allergy/Sinus, Ayr Saline Nasal Drops, ...show all 26 brand names.Ayr Saline Nasal Gel, Ayr Saline Nasal No-Drip, Ayr Saline Nasal Rinse, Ayr Saline Nasal, Ayr, Baby Ayr Saline, Deep Sea Nasal Spray, Entsol Nasal Wash, Entsol Nasal, Entsol, Humist, Little Noses Decongestant, Na-Zone, Nasal Moist, Ocean Complete Sinus Rinse, Ocean for Kids, Ocean Nasal Spray, Ocean Ultra Saline Mist, Rhinaris, Saline Mist Spray, Sea Soft Nasal Mist']|https://www.drugs.com/cdi/ayr-saline-nasal-drops.html
['Generic Name: droperidol (dro PER i dol)Brand Name: Inapsine']|https://www.drugs.com/mtm/inapsine.html
['Generic Name: aluminum chloride', 'Dosage Form: dental solution']|https://www.drugs.com/pro/superdent-hemal.html
['Generic Name: sonidegib (SOE ni DEG ib)Brand Name: Odomzo']|https://www.drugs.com/mtm/sonidegib.html
['Havrix', 'Havrix Pediatric', 'Vaqta', 'Vaqta Pediatric']|https://www.drugs.com/cons/hepatitis-a-vaccine-intramuscular.html
['Generic Name: psyllium (SIL ee um)Brand Name: Hydrocil, Konsyl, Laxmar, Metamucil, Natural Fiber Therapy, Reguloid']|https://www.drugs.com/mtm/reguloid.html
['Generic Name: glucagon (injection) (GLOO ka gon)Brand Name: GlucaGen, GlucaGen HypoKit, Glucagon Emergency Kit for Low Blood Sugar, Gvoke HypoPen, Gvoke PFS']|https://www.drugs.com/mtm/glucagon-emergency-kit-for-low-blood-sugar.html
['Generic Name: Isosorbide Mononitrate Tablets (eye soe SOR bide mon oh NYE trate)Brand Name: ISMO, Monoket']|https://www.drugs.com/cdi/ismo.html
['Generic Name: Manganese Capsules and Tablets (MAN ga nees)Brand Name: Mangimin, MN-50']|https://www.drugs.com/cdi/mn-50.html
['Generic Name: miconazole (Topical route)']|https://www.drugs.com/cons/therasoft-antifungal-topical.html
['Generic Name: Aspirin and Caffeine Tablets (AS pir in & cah FEEN)Brand Name: Back & Body Extra Strength, Bayer Back & Body Pain Extra Strength, Cope, CVS Back & Body, P-A-C']|https://www.drugs.com/cdi/back-body-extra-strength.html
['Generic Name: Loperamide Oral Solution and Suspension (loe PER a mide)Brand Name: Imodium A-D']|https://www.drugs.com/cdi/loperamide-oral-solution-and-suspension.html
['Generic Name: sodium oxybate (SO dee um OX i bate)Brand Names: Xyrem']|https://www.drugs.com/xyrem.html
['Generic Name: Nitroglycerin Sublingual Powder (nye troe GLI ser in)Brand Name: Gonitro']|https://www.drugs.com/cdi/gonitro.html
['Class: Antitoxins and Immune Globulins', 'VA Class: IM500', 'CAS Number: 9007-83-4', 'Brands: Bivigam, Carimune, Cuvitru, Flebogamma, Gammagard, GamaSTAN, Gammaked, Gammaplex, Gamunex-C, Hizentra, Hyqvia, Octagam, Privigen']|https://www.drugs.com/monograph/immune-globulin.html
['Dosage Form: tablet']|https://www.drugs.com/pro/ketoconazole-tablets.html
['Generic Name: Lidocaine and Benzalkonium (LYE doe kane & BEN zal KOE nee um)Brand Name: A + D Cracked Skin Relief, Bactine, First Aid Antiseptic, GNP Mercuroclear, Medi-First/Lidocaine, ...show all 7 brand names.SM First Aid Antiseptic, TGT First Aid Cleansing']|https://www.drugs.com/cdi/medi-first-lidocaine.html
['Generic Name: b Conjugate Vaccine (he MOF fi lus bee KON joo gate vak SEEN)Brand Name: ActHIB, Hiberix, PedvaxHIB']|https://www.drugs.com/cdi/b-conjugate-vaccine.html
['Generic Name: Barium Suspension (BA ree um)Brand Name: Digibar 190, E-Z-Cat Dry, E-Z-Dose, E-Z-HD, E-Z-Paque, ...show all 19 brand names.Entero VU, Liquid E-Z-Paque, Liquid Polibar, Liquid Polibar Plus, Maxibar, Polibar ACB, Readi-Cat, Readi-Cat 2, Tagitol V, Varibar Honey, Varibar Nectar, Varibar Thin Honey, Varibar Thin Liquid, VoLumen']|https://www.drugs.com/cdi/e-z-hd.html
['Generic Name: miconazole topical (my CON a zole)Brand Name: Azolen, Baza Antifungal, Critic-Aid Clear AF, Cruex Prescription Strength, DermaFungal, Dermagran AF, Desenex Foot, Desenex Jock Itch, Fungoid, Lotrimin AF, Micaderm, Micatin, Micro-Guard, Mitrazol, NuZole, Ony-Clear, Remedy, Secura Antifungal, Soothe & Cool Inzo, Tetterine, Triple Paste AF, Zeasorb-AF Drying Gel']|https://www.drugs.com/mtm/fungoid.html
['Generic Name: bethanechol (be THAN e chol)Brand Name: Duvoid, Urecholine']|https://www.drugs.com/mtm/bethanechol.html
['Generic Name: saliva substitutes (sa LYE va SUB sti tutes)Brand Name: Aquoral, Biotene Mouthwash, Caphosol, Glandosane Unflavored, Moi-Stir, NeutraSal, Numoisyn, Optimoist, SalivaMAX, Salivart, Xero-Lube, XyliMelts']|https://www.drugs.com/mtm/optimoist.html
['Generic Name: medroxyprogesterone (injection) (me DROX ee proe JES ter one)Brand Name: Depo-Provera, Depo-Provera Contraceptive, depo-subQ provera 104']|https://www.drugs.com/mtm/depo-provera-injection.html
["Generic Name: prenatal multivitamins (PRE nay tal VYE ta mins)Brand Name: Vynatal F.A., Zenate, ...show all 504 brand names.Materna, Pramilet FA, Stuartnatal Plus, Natalins Rx, Norlac RX, Neo-Forte, Mynatal, Zenate Advanced Formula, Prenatal MR 90, O-Cal-FA, Equi-Natal Plus, Pan OB Forte, Hi-Nate 90, Lactocal-F, Maternity-90, Prenazyme 1+1, Pre-H-Cal, Femnatal, Vynatal 1 Plus 1, Par-F, Maternity, Niferex PN Forte, Prenavite, Mynatal PN, Obnate 90, Maternal 90, Mynatal Rx, Precare, Natarex, Ternamar, Aminatal Plus, Elemental Iron-90, Mynatal PN Forte, Mynatal FC, Mynate 90 Plus, Vitamed Prenatal Formula, Zitamin, Preterna, Vernate, Vernate Advanced, Prenate 90, Aminate, Mission Prenatal Rx, Niferex-PN, Marnatal-F, Prenate Ultra, Prenatal Z Advanced Formula, Prenatal Plus, Zenate Prenatal, NatalCare, Prenatal Plus with Beta-Carotene, Prenatal Rx, Maternity plus Beta Carotene, Equi-Natal M, Equi-Natal Rx, Equinatal 90, Equi-Natal Z, Natalcare Pic Forte, Natalcare Pic, Natalins, Stuart Prenatal with Beta Carotene, Prenatal MR 90 Fe, Aminatal Plus One, Aminate with 90 mg Iron, Ultra NatalCare, Prenatal S, Natafort, Nestabs, Nestabs CBF, Vitafol PN, Fem-Natal, Ami-Natal Plus One Improved, Aminatal Plus New Formula, Prenatal Plus with 27 mg Iron, Obegyn, Mission Prenatal, Mission Prenatal FA, Mission Prenatal HP, Mynatal Z, Mynatal Plus, Mynatal Ultracap, Prenatal Plus Iron, Prenatal 1 Plus 1, Natalcare Plus, Prenatal 1 Plus 1 (Low Iron), Prenatal MTR with Selenium, Natalcare Rx, Prenavite FC, Prenavite PC, Chromagen OB, Natatab CFe, Natatab FA, Vitelle Nestabs OTC, Natachew, Premesis Rx, Prenate Advanced Formula, Precare Conceive, Citracal Prenatal Rx, Advanced NatalCare, NutriNate, Nestabs Rx, Stuartnatal Plus 3, Strongstart, Anemagen OB, Ultra-Natal, NatalCare Three, Natatab Rx, Equi-Natal Care, Inatal Advance, Inatal Ultra, Maternity Vitamin Low Iron, Ob-20, Prenatabs CBF, Prenatabs FA, Prenatal Rx Low Iron, Vinate 90, Vinate M, Vinate Ultra, Prenate GT, Ferrex PC Forte, Trinate, Prenatabs Rx, Prenatal AD, Prenatal 19 (obsolete), Natalcare(obsolete), PrimaCare, Prenatal H, Duet, Duet Chewable, Natalfirst, Natelle, Cenogen Ultra, Prenatal-U, Nestabs FA, Vinate GT, Natafolic-PN, Cal-Nate, Icar Prenatal, Prenate Advance, Novastart (obsolete), Novanatal, Natacaps, O-Cal Prenatal, NatalCare Advanced-RF, Vitafol-OB, Duet DHA, Prenate Elite, Prenatabs OBN, Icare Prenatal Rx, Vinatal 600, Nutrispire, PrimaCare One, PrenaFirst, Natafolic-OB, Vinate Good Start, Vinate II (New Formula), Vinate Advanced (New Formula), New Advanced Formula Prenatal Z, Bright Beginnings, Prenatal Rx 1, Obtrex, Marnatal-F Plus, NatalCare CFE 60, Natelle Prefer, OptiNate, Select-OB, Citracal Prenatal + DHA, Natelle C, Natelle-ez, OB Complete, Tandem OB, NovaStart, Precare Premier, Neevo, Maxinate, Duet DHA EC, Citracal Prenatal 90+DHA, CareNatal DHA, Vitafol-OB+DHA, Vinate AZ, Vinatal Forte, Prenate DHA, Vinate AZ Extra, CitraNatal Rx, CitraNatal DHA, CitraNatal 90 DHA, PreferaOB, Natelle Plus with DHA, Verotin-GR, Dualvit OB, Verotin-BY, TriCare, Tandem DHA, Vitaphil, Vinate Calcium, Multifol Plus, Prenatal Elite, PrimaCare Advantage, OB Complete with DHA (obsolete), Foltabs, Folbecal, Vitaphil Aide, RightStep, ComBi Rx, Foltabs plus DHA, Viva DHA, Vinate IC, Pruet DHA, Renate DHA, Renate DHA Extra, Renate, CitraNatal Assure, Pruet DHA EC, Gesticare, Gesticare DHA, PreNexa, OB Natal One, Edge OB, RE OB 90 Plus DHA, Vitaphil Plus DHA, Vitaphil Plus DHA 90, RE OB Plus DHA, Trinatal Rx 1, Vinate One, Complete-RF, Advance Care Plus, Complete Natal DHA, Neevo DHA, CompleteNate, Vitaspire, Vinate C, Prenate Elite Plus Iron, Vinate III, PrenaCare, PrenaPlus, Select-OB+DHA, Multinatal Plus, Folcaps Care One, Previte Rx, UltimateCare One, Se-Natal 90, Se-Natal One, Se-Care, Se-Care Conceive, Vinate PN Care, Vinate Care, Foltabs 90 plus DHA, Concept DHA, Nata 29 OB, Nata 29 Prenatal, Duet DHA with Ferrazone, Concept OB, UltimateCare One NF, UltimateCare Advance, Tri Rx, TriAdvance, FoliNatal Plus B, Gesticare DHA DR, Se-Plete DHA, Seton ET, Seton ET-EC, Se-Natal 19, Se-Natal 16, Co Natal FA, Taron-PRX Plus DHA, Prefera OB Plus DHA, OB Complete 400, Obtrex DHA, PNV Select, Multi-Nate 30, Multi-Nate DHA Extra, Multi-Nate 30 DHA, Multi-Nate DHA, Cavan One, Natelle One, Trimesis Rx, NatalCare GlossTabs, PNV-DHA, Vinacal OR, Cavan EC DHA Plus, Multi-Nate 30 Kit, CitraNatal B-Calm, Folcal DHA (obsolete), Folivan-EC DHA, Folivan-PRX DHA, PreQue10 (obsolete), PreNexa with DHA, Folivan-OB, Taron-C DHA, Taron-EC Calc DHA Pack, Se-Tan DHA, Duet DHA Complete, Docosavit, Femecal OB, VitaNatal OB plus DHA, PR Natal 400 EC, PR Natal 400, PR Natal 430, TriCare DHA One, CitraNatal Harmony, Triveen-One, PR Natal 440, Prenate Essential, Folcaps Omega 3, Prefera OB-One, Femecal OB plus DHA, Kolnatal DHA, Rovin-NV, Rovin-NV DHA, Zatean-PN DHA, Zatean-PN, Natelle One DHA, PreNexa with DHA (obsolete), Zatean-PN Plus, Prenate Plus, Vol-Nate, Vol-Tab Rx, Cavan-Heme OB, Triveen-PRx RNF, VeNatal FA, PNV-DHA Plus, Cavan-Folate DHA, NeevoDHA, PreNexa premier with DHA, PreferaOB+DHA, Cavan-Heme Omega, Duet DHA Balanced, Folcal DHA, Elite OB 400, PNV-Total, Triveen Ten, Zatean-CH, Taron-BC, Cavan Folate, Infanate DHA, Vol-Plus (obsolete), Vemavite PRX 2, OB Complete Premier, OB Complete One with DHA, OB Complete Chewables, Nexa Select with DHA, Paire OB Plus DHA, Nestabs DHA, EzFe Forte, Vena-Bal DHA, Vitafol-One, LevomefolatePNV, TheraNatal Complete, TheraNatal Core Nutrition, PNV-Omega, VeNatal Complete DHA, Prenaissance Plus, Prenatal 1, OB Complete with DHA, OB Complete 400 with DHA, Prennaissance with DHA, Macnatal CN with DHA, Levomefolate DHA, B-Nexa (obsolete), ProFe Forte, PureFe OB Plus, PreQue 10, PreNata, VitaMedMD Plus Rx, Reaphirm, Bal-Care DHA, Prenaissance Next, Prenaissance Balance, PreNatal Low Iron, Relnate DHA, vitaMedMD One Rx, vitaMed MD RediChew Rx, Prenate Mini with DHA, Natalvit, Nutri-Tab OB plus DHA, Nutri-Tab OB, Bal-Care DHA Essential, HemeNatal OB, HemeNatal OB + DHA, Viva CT, Virt-Bal DHA Plus, VP-GGR-B6, VP-CH-PNV, Nexa Plus with DHA, Vitafol Plus, B-Nexa (obsoleteA), Prena1 Plus, Prena1, Prena1 Chew, PNV OB+DHA, Virt-PN, Virt-PN DHA, OB Complete Petite with DHA, DuetDHA 400, DuetDHA 430, DuetDHA 400ec, DuetDHA 430ec, DuetDHA Balanced, Similac Prenatal, Vinate DHA, Nata Komplete, Classic Prenatal, V-Natal, Vert-Select DHA, Cavan-Alpha, Trinatal GT, Trinatal Ultra, V-Natal DHA, Natalvirt CA, Natalvirt 90, CorNate-DHA, OB Complete Petite, VP-Heme, Virt-PN Plus, TL-Care DHA, Mom's Choice Rx with DHA, PNV-First DHA, Choice OB plus DHA, VP-PNV-DHA, PNV-OB with DHA, Prenatal Plus Low Iron, PNV Prenatal Plus, Ultimate OB DHA, One Daily Combo Pack, Prenaissance DHA, TriCare Prenatal Compleat, Vitafol Ultra, Vinacal B, Natalvirt FLT, Expecta DHA, Prenate, Prenate AM, Prenate Enhance with DHA, Prenate Restore, Active OB DHA, VitaPearl with DHA, Prena1 Pearl, TheraNatal Plus, TheraNatal OvaVite, TheraNatal Lactation Support, PrePlus, Triveen-Duo DHA, Nestabs ABC, VP-Heme OB, PreNatal 19 (obsolete), Vitafol Nano, Prenate Star, Prenate Pixie, Prenatal 19 (Cypress), PreNatal 19 (Nationwide), Folet One with DHA, Folet DHA, Virt-Nate, Virt-Vite GT, Provida OB, PNV Tabs 29-1, PreTAB, Obstetrix EC, Provida DHA, Focalgin 90 DHA, Focalgin CA, TheraNatal One DHA, TriStart DHA, Thrivite RX, Vitafol Fe Plus, VitaTrue plus DHA, Dothelle DHA, Enbrace HR, OB Complete Gold, Mteryti, Mteryti Folic 5, VP-Heme One, Virt-Nate DHA, Prena1 True plus DHA, Vitafol Gummies with DHA, Baby & Me, Obstetrix One, TheraNatal Lactation One, TheraNatal Lactation Complete, Niferex (prenatal), Prenatal Plus + DHA Minicaps, Chromagen (prenatal), PNV Prenatal, TriCare Prenatal, BumP DHA, TriStart One, Nestabs ONE, CitraNatal Bloom DHA, CitraNatal Medley, CitraNatal Bloom, Prenatal Multi + DHA, C-Nate DHA, Vil-Rx, M-Natal Plus, Azesco, Centrum Specialist, Trinaz, Vitafol Strips, Good Sense PreNatal, Zalvit, One A Day Women's Prenatal, Pregenna"]|https://www.drugs.com/mtm/theranatal-lactation-support.html
['Baxdela']|https://www.drugs.com/cons/delafloxacin.html
['Generic Name: sulfamethoxazole/trimethoprim (Oral route)']|https://www.drugs.com/cons/septra-pediatric-suspension.html
['Generic Name: ethinyl estradiol and norethindrone (HRT) (ETH in ill ESS tra DYE ole and nor ETH in drone)Brand Name: femhrt 0.5 mg/2.5 mcg, Fyavolv, Jevantique Lo, Jinteli']|https://www.drugs.com/mtm/jevantique-lo-hrt.html
['Generic Name: Magnesium Carbonate (mag NEE zee um KAR bo nate)Brand Name: Magonate']|https://www.drugs.com/cdi/magnesium-carbonate.html
['Generic Name: iodine liquid', 'Dosage Form: FOR ANIMAL USE ONLY']|https://www.drugs.com/pro/milkhouse-pre-post-teat-dip.html
['Generic Name: clorazepate (Oral route)']|https://www.drugs.com/cons/gen-xene.html
['Generic Name: Pyridostigmine Tablets (peer id oh STIG meen)Brand Name: Mestinon']|https://www.drugs.com/cdi/pyridostigmine-tablets.html
['Generic Name: benzethonium chloride topical ( BEN ze THOE nee um KLOR ide TOP ik al)Brand Name: New Skin Bandage']|https://www.drugs.com/mtm/new-skin-bandage.html
['Generic Name: Dexamethasone eentClass: Corticosteroids', 'ATC Class: S01CA01', 'VA Class: OP350', 'CAS Number: 50-02-2', '', '', 'Dexamethasone, Dexamethasone Sodium Phosphate (EENT) is also contained as an ingredient in the following combinations:', 'Neomycin and Polymyxin B Sulfates and Dexamethasone']|https://www.drugs.com/monograph/maxidex-eent.html
['Generic Name: miconazole (Topical route)']|https://www.drugs.com/cons/mitrazol-topical.html
['Generic Name: methyl salicylate, menthol, camphor (synthetic) and eucalyptus oil', 'Dosage Form: topical oil']|https://www.drugs.com/pro/hysan-pain-reliever.html
['Generic Name: tafenoquine (ta FEN o kwin)Brand Names: Arakoda']|https://www.drugs.com/arakoda.html
['Multihance']|https://www.drugs.com/cons/gadobenate-intravenous.html
['Generic Name: ezetimibe (ez ET i mibe)Brand Names: Zetia']|https://www.drugs.com/zetia.html
['Generic Name: ibuprofen (Oral route)']|https://www.drugs.com/cons/children-s-motrin-bubble-gum-flavor.html
["Scientific Name(s): Trachyspermum ammi L. Sprague.Common Name(s): Ajava seeds, Ajowan caraway, Ajowan seed, Ajowanj, Ajwain, Bishop's weed, Carum, Omum., Yavani"]|https://www.drugs.com/npp/bishop-s-weed.html
['Generic Name: acetaminophen, dextromethorphan, guaifenesin, and pseudoephedrine (a SEET a MIN oh fen, DEX troe me THOR fan, gwye FEN e sin, SOO doe ee FED rin)Brand Name: Duraflu, Robitussin Cold Cough and Flu, Theraflu Max-D Severe Cold & Flu']|https://www.drugs.com/mtm/theraflu-max-d-severe-cold-flu.html
['Generic Name: clobetasol (Topical application route)']|https://www.drugs.com/cons/clobetasol-propionate.html
['Generic Name: Iron, Vitamin C, and Folic Acid Controlled-Release Tablets (EYE urn, VYE ta min C, & FOE lik AS id)Brand Name: FoliTab 500, Iron-C']|https://www.drugs.com/cdi/folitab-500.html
['Generic Name: Mupirocin Nasal Ointment (mue PIR oh sin)Brand Name: Bactroban Nasal']|https://www.drugs.com/cdi/mupirocin-nasal-ointment.html
['Generic Name: iohexol (Oral route)']|https://www.drugs.com/cons/omnipaque-12.html
['Generic Name: Cefprozil Oral Suspension (sef PROE zil)']|https://www.drugs.com/cdi/cefprozil-oral-suspension.html
['Generic Name: triamcinolone (Injection route)']|https://www.drugs.com/cons/triam-forte.html
['Dosage Form: injection, solution']|https://www.drugs.com/pro/allergenic-extract-seafood.html
['Generic Name: guselkumab (GUE sel KOO mab)Brand Names: Tremfya']|https://www.drugs.com/tremfya.html
['Generic Name: ramelteon (ram EL tee on)Brand Names: Rozerem']|https://www.drugs.com/rozerem.html
['Generic Name: aliskiren (a LIS ke rin)Brand Name: Tekturna']|https://www.drugs.com/mtm/aliskiren.html
['Dosage Form: topical lotion']|https://www.drugs.com/pro/sodium-sulfacetamide-scalp-treatment.html
['Generic Name: Insulin Regular (U-500) Prefilled Pens (IN soo lin REG yoo ler)Brand Name: Humulin R U-500 KwikPen']|https://www.drugs.com/cdi/humulin-r-u-500-kwikpen.html
['Generic Name: metoprolol (me TOE pro lol)Brand Name: Kapspargo Sprinkle, Lopressor, Metoprolol Succinate ER, Metoprolol Tartrate, Toprol-XL']|https://www.drugs.com/mtm/metoprolol-tartrate.html
['Generic Name: cyclosporine (Oral route)']|https://www.drugs.com/cons/gengraf-oral.html
['Generic Name: medroxyprogesterone (Intramuscular route)']|https://www.drugs.com/cons/depo-provera-contraceptive.html
['Generic Name: Pediatric Multivitamin Chewables with Iron (MUL ti VYE ta min with EYE ern)Brand Name: Centrum Kids Complete, Cerovite Jr, Disney Cars Gummies, Disney Princess Gummies, Flintstones Complete, ...show all 24 brand names.Flintstones Gummies, Flintstones Gummies Complete, Flintstones Gummies Plus, Flintstones Plus Bone Building Support, Flintstones Plus Bone Building Support Gummies, Flintstones Sour Gummies, Flintstones Toddler, Healthy Kids Gummies, One A Day Kids Jolly Rancher Gummies, One A Day Kids Jolly Rancher Sour Gummies, One A Day Kids Scooby-Doo! Complete, One A Day Kids Scooby-Doo! Gummies, Sea Buddies Daily Multiple Vitamin, SpongeBob SquarePants Gummies, Vitalets, Vitalets Childrens, Vitamax, Zoo Friends, Zoo Friends Complete']|https://www.drugs.com/cdi/centrum-kids-complete.html
['Generic Name: Levocarnitine Injection Solution (lee voe KAR ni teen)Brand Name: Carnitor']|https://www.drugs.com/cdi/levocarnitine-injection-solution.html
['Generic Name: butalbital, acetaminophen, and caffeine (Oral route)']|https://www.drugs.com/cons/margesic-oral.html
['Dosage Form: capsule']|https://www.drugs.com/pro/tretinoin-capsules.html
['Generic Name: ziv-aflibercept (ZIV a FLIB er sept)Brand Name: Zaltrap']|https://www.drugs.com/mtm/ziv-aflibercept.html
['Generic Name: ado-trastuzumab emtansine (AY doe tras TOOZ ue mab em TAN seen)Brand Name: Kadcyla']|https://www.drugs.com/mtm/ado-trastuzumab-emtansine.html
['Generic Name: Diphtheria and Tetanus Toxoids (dif THEER ee a & TET a nus TOKS oyds)Brand Name: TDVAX, Tenivac']|https://www.drugs.com/cdi/diphtheria-and-tetanus-toxoids.html
['Generic Name: Psyllium Capsules (SIL i yum)Brand Name: Metamucil']|https://www.drugs.com/cdi/psyllium-capsules.html
['Mutamycin']|https://www.drugs.com/cons/mitomycin-intravenous.html
['Generic Name: mycophenolate mofetil (oral/injection) (MYE koe FEN oh late MOE fe til)Brand Names: CellCept, Myfortic, MMF']|https://www.drugs.com/cellcept.html
['Generic Name: Varenicline (var EN i kleen)Brand Name: Chantix, Chantix Continuing Month Pak, Chantix Starting Month Pak']|https://www.drugs.com/cdi/chantix-starting-month-pak.html
['FA-8', 'Folacin-800', "Nature's Blend Folic Acid", 'ViloFane-Dp 7.5']|https://www.drugs.com/cons/folic-acid-oral-injection.html
['Generic Name: pyrithione (Topical route)']|https://www.drugs.com/cons/znp-topical.html
['Generic Name: insulin regular (IN soo lin REG yoo lar)Brand Name: HumuLIN R, Myxredlin, NovoLIN R']|https://www.drugs.com/mtm/novolin-r.html
['Anascorp']|https://www.drugs.com/cons/scorpion-centruroides-immune-f-ab-2-intravenous.html
['Generic Name: guaifenesin and hydrocodone (Oral route)']|https://www.drugs.com/cons/extendryl-hc.html
['Timentin', 'Timentin Novaplus']|https://www.drugs.com/cons/ticarcillin-and-clavulanate-intravenous.html
['Generic Name: Levetiracetam Injection (lee va tye RA se tam)Brand Name: Keppra']|https://www.drugs.com/cdi/levetiracetam-injection.html
['Generic Name: glutamine (GLOO ta meen)Brand Name: GlutaSolve, NutreStore, SYMPT-X Glutamine']|https://www.drugs.com/mtm/sympt-x-glutamine.html
['Pentacel']|https://www.drugs.com/ppa/diphtheria-and-tetanus-toxoids-acellular-pertussis-poliovirus-and-haemophilus-b-conjugate-vaccine.html
['Generic Name: omega-3 fatty acids, thiamine mononitrate, riboflavin, pyridoxine hydrochloride, cyanocobalamin, folic acid, cholecalciferol, ascorbic acid, alpha-tocopherol, cupric sulfate anhydrous, zinc oxide, iron and magnesium', 'Dosage Form: capsule, liquid filled']|https://www.drugs.com/pro/relnate-dha.html
['Generic Name: loperamide hydrochloride', 'Dosage Form: solution']|https://www.drugs.com/pro/up-and-up-anti-diarrheal-solution.html
['Generic Name: Cholecalciferol Capsules and Tablets (kole e kal SI fer ole)Brand Name: D-3-5, D3 Super Strength, D3-50, Decara, Delta D3, ...show all 8 brand names.Dialyvite Vitamin D 5000, Dialyvite Vitamin D3 Max, Pronutrients Vitamin D3']|https://www.drugs.com/cdi/dialyvite-vitamin-d-5000.html
['Generic Name: mitotane (MYE toe tane)Brand Name: Lysodren']|https://www.drugs.com/mtm/lysodren.html
['Generic Name: Albuterol Extended-Release Tablets (al BYOO ter ole)Brand Name: Vospire ER']|https://www.drugs.com/cdi/albuterol-extended-release-tablets.html
['Generic Name: Cholestyramine Resin (koe LES teer a meen REZ in)Brand Name: Prevalite, Questran, Questran Light']|https://www.drugs.com/cdi/cholestyramine-resin.html
['Alupent', 'Brethine', 'Proventil', 'Proventil Repetabs', 'Ventolin', 'Volmax', 'VoSpire ER']|https://www.drugs.com/cons/beta-2-adrenergic-agonist-oral-injection.html
['Generic Name: neomycin sulfate, polymyxin b sulfate, bacitracin zinc and hydrocortisone', 'Dosage Form: ophthalmic ointment']|https://www.drugs.com/pro/neomycin-polymyxin-b-bacitracin-hydrocortisone.html
['Generic Name: saliva substitutes (sa LYE va SUB sti tutes)Brand Name: Aquoral, Biotene Mouthwash, Caphosol, Glandosane Unflavored, Moi-Stir, NeutraSal, Numoisyn, Optimoist, SalivaMAX, Salivart, Xero-Lube, XyliMelts']|https://www.drugs.com/mtm/xero-lube.html
['Generic Name: Menthol Gel, Liquid, and Solution (MEN thole)Brand Name: Aspercreme Heat, Aspercreme Max Roll-On, Bengay Cold Therapy, Bengay Vanishing Scent, Bengay Zero Degrees, ...show all 32 brand names.Berri-Freez Pain Relieving, Biofreeze, Biofreeze Colorless Gel, Biofreeze Roll-On Colorless Gel, Blue Gel, Blue-Emu Maximum Strength, Cold Therapy Pain Relief, Cool N Heat Maximum Strength, Fast Freeze Pro Style Therapy, Flexall, Gold Bond Pain Relieving Foot, Ice Blue, Icy Hot, Icy Hot Medicated Spray, Icy Hot Pain Relieving Gel, Icy Hot Power, Mineral Freeze, Mineral Ice, Pain Relief Maximum Strength, Pain Relieving Gel, PolarFrost, Sombra Cool Therapy, Stopain, Stopain Roll-On, Therapeutic Ice, Therapeutic Menthol, Zims Max-Freeze']|https://www.drugs.com/cdi/pain-relief-maximum-strength.html
['Generic Name: Zolpidem Tablets (zole PI dem)Brand Name: Ambien']|https://www.drugs.com/cdi/zolpidem-tablets.html
['Generic Name: Neomycin, Polymyxin B, and Gramicidin (nee oh MYE sin, pol i MIKS in bee, & gram i SYE din)Brand Name: Neosporin Ophthalmic Solution']|https://www.drugs.com/cdi/neomycin-polymyxin-b-and-gramicidin.html
['Generic Name: pseudoephedrine and triprolidine (soo doe e FED rin and try PROE li deen )Brand Name: A-Phedrin, Allerfrim, Allerphed, Altafed, Aphedrid, Aprodine, Biofed-PE, Genac, Hist-PSE, Histafed, Pediatex TD, Trip-PSE, Vi-Sudo, Zymine-D']|https://www.drugs.com/mtm/pediatex-td.html
['Generic Name: Metaproterenol Syrup (met a proe TER e nol)Brand Name: Alupent']|https://www.drugs.com/cdi/alupent-metaproterenol-syrup.html
['Class: Cathartics and Laxatives', 'ATC Class: A06AC06', 'VA Class: GA201', 'CAS Number: 9004-67-5', 'Brands: Citrucel, Fibercon, Hydrocil, Konsyl, Metamucil']|https://www.drugs.com/monograph/bulk-forming-laxatives.html
['Generic Name: Ketotifen (Ophthalmic) (kee toe TYE fen)Brand Name: Alaway Childrens Allergy, Alaway, Claritin Eye, Eye Itch Relief, GoodSense Itchy Eye, ...show all 7 brand names.TheraTears Allergy, Zaditor']|https://www.drugs.com/cdi/theratears-allergy.html
['Generic Name: zinc supplement (Oral route, Parenteral route)']|https://www.drugs.com/cons/zinc-chelated.html
['Generic Name: zolmitriptan (oral) (ZOLE mi TRIP tan)Brand Name: Zomig, Zomig-ZMT']|https://www.drugs.com/mtm/zomig-zmt.html
['Generic Name: topical emollients (TOP i kal ee MOL i ents)Brand Name: AlphaSoft, Aquaphor, Aveeno, Baby Lotion, Baby Oil, Bag Balm, Blistex Lip Balm, Carmex, CeraVe, Cetaphil Lotion, Chap Stick, Corn Huskers Lotion, Curel Moisture Lotion, Eucerin, Gold Bond Ultimate Healing, Keri Lotion, K-Y Jelly, Lubriderm, Mederma, Moisturel, Natural Ice, Neutrogena Lotion, Nivea, Nutraderm, Pacquin, Phisoderm, Pretty Feet & Hands, Replens, Soft Sense, St. Ives, Vaseline Intensive Care']|https://www.drugs.com/mtm/baby-oil.html
['Generic Name: mepivacaine (me PIV a kane)Brand Name: Carbocaine HCl, Polocaine, Polocaine-MPF, Scandonest']|https://www.drugs.com/mtm/carbocaine-hcl.html
['Generic Name: Antihemophilic Factor (Recombinant) (Afstyla) (an tee hee moe FIL ik FAK tor ree KOM be nant)Brand Name: Afstyla']|https://www.drugs.com/cdi/afstyla.html
['Generic Name: Hydrocodone and Acetaminophen Liquid (hye droe KOE done & a seet a MIN oh fen)Brand Name: Hycet, Lortab, Zyfrel']|https://www.drugs.com/cdi/hydrocodone-and-acetaminophen-liquid.html
['Lumason']|https://www.drugs.com/cons/sulfur-hexafluoride-lipid-type-a-microspheres-injection-intravenous.html
['Dosage Form: injection']|https://www.drugs.com/pro/romidepsin-injection.html
['Generic Name: Cholestyramine Resin (koe LES teer a meen REZ in)Brand Name: Prevalite, Questran, Questran Light']|https://www.drugs.com/cdi/questran-light.html
['Generic Name: ine hydrochloride, hydrocortisone acetate', 'Dosage Form: rectal gel']|https://www.drugs.com/pro/lidocaine-and-hydrocortisone-gel.html
['Generic Name: cetrorelix (injectable) (SE troe REL ix)Brand Name: Cetrotide']|https://www.drugs.com/mtm/cetrotide-injectable.html
['Generic Name: paliperidone (oral) (PAL ee PER i DONE)Brand Names: Invega']|https://www.drugs.com/invega.html
['Generic Name: Hydrocortisone Injection Solution (hye droe KOR ti sone)Brand Name: Solu-Cortef']|https://www.drugs.com/cdi/solu-cortef.html
['Generic Name: lactobacillus acidophilus (LAK toe ba SIL us AS sid OFF il us)Brand Name: Acidophilus, Bacid (LAC), Florajen, Flora-Q, Lactinex, Risa-Bid, RisaQuad, Superdophilus']|https://www.drugs.com/mtm/bacid-lac.html
['Generic Name: Nafcillin (naf SIL in)']|https://www.drugs.com/cdi/nafcillin.html
['Generic Name: atorvastatin (a TOR va sta tin)Brand Names: Lipitor']|https://www.drugs.com/lipitor.html
['Generic Name: chlorpheniramine, hydrocodone, and phenylephrine (KLOR fe NEER a meen, HYE droe KOE done, FEN il EFF rin)Brand Name: B-Tuss, De-Chlor HC, DroTuss-CP, Hydron CP, Hydro-PC II, Poly-Tussin HD, Relasin-HC, Triant-HC, Z-Cof HC']|https://www.drugs.com/mtm/hydro-pc-ii.html
['Generic Name: amphetamine (am FET a meen)Brand Name: Adzenys ER, Adzenys XR-ODT, Dyanavel XR, Evekeo, Evekeo ODT']|https://www.drugs.com/mtm/evekeo.html
['Generic Name: tretinoin (Topical route)']|https://www.drugs.com/cons/renova-topical.html
['Generic Name: simethicone (sye METH i cone)Brand Name: Alka-Seltzer Anti-Gas, Bicarsim, Bicarsim Forte, Gas Aide, Gas Free Extra Strength, Gas-X, Infantaire Gas Relief, Little Tummys, Mi-Acid Gas Relief, Mylanta Gas Maximum Strength, Mytab Gas, Phazyme, SimePed']|https://www.drugs.com/mtm/phazyme.html
['Generic Name: meloxicam', 'Dosage Form: tablets and oral suspension']|https://www.drugs.com/pro/mobic-tablets.html
['Generic Name: Diphenhydramine Elixir, Liquid, and Syrup (dye fen HYE dra meen)Brand Name: Benadryl Allergy, Dytuss']|https://www.drugs.com/cdi/diphenhydramine-elixir-liquid-and-syrup.html
['Dosage Form: oral suspension']|https://www.drugs.com/pro/paroxetine-oral-suspension.html
['Generic Name: fluoxetine hydrochloride', 'Dosage Form: tablet']|https://www.drugs.com/pro/sarafem-tablets.html
['Generic Name: scopolamine transdermal (skoe PAL a meen)Brand Name: Transderm-Scop']|https://www.drugs.com/mtm/transderm-scop.html
['Generic Name: Acetylcysteine Effervescent Tablets (a se teel SIS teen)Brand Name: Cetylev']|https://www.drugs.com/cdi/acetylcysteine-effervescent-tablets.html
['Generic Name: Minocycline Oral Suspension (mi noe SYE kleen)Brand Name: Minocin']|https://www.drugs.com/cdi/minocycline-oral-suspension.html
['Generic Name: abiraterone (A bir A te rone)Brand Name: Yonsa, Zytiga']|https://www.drugs.com/mtm/yonsa.html
['Generic Name: Dextromethorphan and Phenylephrine Orally Disintegrating Strips (deks troe meth OR fan & fen il EF rin)Brand Name: Triaminic Cold/Cough, Triaminic Decongestant/Cough Infant']|https://www.drugs.com/cdi/dextromethorphan-and-phenylephrine-orally-disintegrating-strips.html
['Generic Name: levonorgestrel emergency contraceptive (LEE voe nor jes trel)Brand Name: EContra EZ, Fallback Solo, My Way, Next Choice, Opcicon One-Step, Plan B One-Step, React']|https://www.drugs.com/mtm/next-choice.html
['Generic Name: Progesterone Vaginal 4% Gel (proe JES ter one)Brand Name: Prochieve']|https://www.drugs.com/cdi/prochieve-progesterone-vaginal-4-gel.html
['Generic Name: prazosin hydrochloride and polythiazide', 'Dosage Form: capsules']|https://www.drugs.com/pro/minizide.html
['Ozempic']|https://www.drugs.com/cons/semaglutide-subcutaneous.html
['Auryxia', 'Beef,Iron & Wine', 'Bifera', 'Elite Iron', 'Femiron', 'Feosol', 'Fergon', 'Ferrex 150', 'Hemocyte']|https://www.drugs.com/cons/iron-supplement-oral-parenteral.html
['Generic Name: ipratropium (Inhalation route)']|https://www.drugs.com/cons/alti-ipratropium.html
['Generic Name: lidocaine, menthol', 'Dosage Form: patch']|https://www.drugs.com/pro/lidothol-patch.html
['Generic Name: elotuzumab (EL oh TOOZ ue mab)Brand Name: Empliciti']|https://www.drugs.com/mtm/elotuzumab.html
['Generic Name: turmeric (tur MER ik or TOO me rik)Brand Name: ']|https://www.drugs.com/mtm/turmeric.html
['Class: First Generation Cephalosporins', 'CAS Number: 27164-46-1', 'Brands: Ancef']|https://www.drugs.com/monograph/cefazolin-sodium.html
["Generic Name: dextromethorphan, guaifenesin, and phenylephrine (dex troe meth OR fan, gwye FEN e sin, fen il EFF rin)Brand Name: Broncotron-D, Duravent DM, Giltuss, Mucinex Fast-Max Severe Congestion & Cough, Phlemex Forte, Robitussin Children's Cough & Cold CF, Robitussin Multi-Symptom Cold, Tusicof, Tussin CF, Vanacof DM, Z-tuss DM"]|https://www.drugs.com/mtm/duravent-dm.html
['Generic Name: Oxycodone Capsules and Tablets (oks i KOE done)Brand Name: OxyIR, Roxicodone, Roxybond']|https://www.drugs.com/cdi/roxicodone-oxycodone-capsules-and-tablets.html
['Generic Name: magnesium sulfate in water', 'Dosage Form: for Injection']|https://www.drugs.com/pro/magnesium-water.html
['Generic Name: Tolnaftate Spray and Spray Powder (tole NAF tate)Brand Name: Aftate, Tinactin']|https://www.drugs.com/cdi/tinactin-tolnaftate-spray-and-spray-powder.html
['Generic Name: Vigabatrin Tablets (vye GA ba trin)Brand Name: Sabril']|https://www.drugs.com/cdi/sabril-vigabatrin-tablets.html
['Generic Name: liquid petrolatum gel', 'Dosage Form: FOR ANIMAL USE ONLY']|https://www.drugs.com/pro/sentry-hc-petromalt-hairball-relief.html
['Generic Name: Phenylephrine and Pramoxine (fen il EF rin) and (pra MOKS een)Brand Name: Preparation H Totables, Preparation H']|https://www.drugs.com/cdi/phenylephrine-and-pramoxine.html
['Generic Name: nitroglycerin (oral/sublingual) (NYE troe GLI ser in (OR al/sub LIN gwal))Brand Name: GoNitro, Nitrolingual, Nitromist, Nitrostat, Nitro-Time']|https://www.drugs.com/mtm/nitroglycerin-oral-sublingual.html
['Generic Name: cyanocobalamin (injection) (sye AN oh koe BAL a min)Brand Name: Vitamin B12, Vitamin B-12']|https://www.drugs.com/mtm/cyanocobalamin-injection.html
['Generic Name: allopurinol and lesinurad (AL oh PURE i nol and le SIN ure ad)Brand Names: Duzallo']|https://www.drugs.com/duzallo.html
['Generic Name: triamcinolone acetonide', 'Dosage Form: ointment']|https://www.drugs.com/pro/triamcinolone-ointment.html
['Generic Name: procarbazine (pro CAR ba zeen)Brand Name: Matulane']|https://www.drugs.com/mtm/matulane.html
['Generic Name: Dexchlorpheniramine/Phenylephrine Sustained-Release Tablets (DEX klor fen IR a meen/FEN il EF rin)Brand Name: NalDex, RhinaHist']|https://www.drugs.com/cdi/naldex.html
['Generic Name: dextromethorphan, diphenhydramine, and phenylephrine (DEX troe me THOR fan, DYE fen HYE dra meen, and FEN il EFF rin)Brand Name: Dytan-DM, Triaminic Day Time Night Time Cold & Cough']|https://www.drugs.com/mtm/triaminic-day-time-night-time-cold-cough.html
['Generic Name: kava (KA vah)Brand Name: ']|https://www.drugs.com/mtm/kava.html
['Generic Name: Tetrahydrozoline (Ophthalmic) (tet ra hye DROZ a leen)Brand Name: Eye Drops, GoodSense Eye Drops, GoodSense Relief Eye Drops, Opti-Clear, Visine Advanced Relief']|https://www.drugs.com/cdi/goodsense-eye-drops.html
['Generic Name: Methylprednisolone Tablets (meth il pred NIS oh lone)Brand Name: Medrol']|https://www.drugs.com/cdi/methylprednisolone-tablets.html
['Hycamtin']|https://www.drugs.com/cons/topotecan.html
['Generic Name: sulfisoxazole (Oral route)']|https://www.drugs.com/cons/gantrisin-pediatric.html
['Generic Name: neomycin sulfate, polymyxin b sulfate, and dexamethasone', 'Dosage Form: ophthalmic ointment']|https://www.drugs.com/pro/neomycin-polymyxin-b-dexamethasone-ointment.html
['Generic Name: pyrethrum extract and piperonyl butoxide (Topical route)']|https://www.drugs.com/cons/a200-time-tested-formula-topical.html
['Generic Name: Capsaicin and Menthol Patch (kap SAY sin & MEN thol)Brand Name: Aflexeryl-MC, Alivio, Capsiderm, Captracin, Icy Hot PM, ...show all 15 brand names.IcyHot PM Medicated Patch, MaC Patch, Medrox, Neuvaxin, Qroxin, Releevia, RelyyT, Renovo, Sinelee, Solaice']|https://www.drugs.com/cdi/capsiderm.html
['Astagraf XL', 'Envarsus XR', 'Hecoria', 'Prograf']|https://www.drugs.com/cons/tacrolimus-oral-intravenous.html
['Generic Name: coagulation factor VIIa (injection) (koe AG yoo LAY shun FAK tor)Brand Name: NovoSeven RT with MixPro']|https://www.drugs.com/mtm/novoseven-rt-with-mixpro-injection.html
['Generic Name: Urea Cream and Ointment (yoor EE a)Brand Name: Aquaphilic/Carbamide, Atrac-Tain, Gordons Urea, Gormel, Keralac, ...show all 17 brand names.Lanaphilic/Urea, Nutraplus, Rea Lo 39, Rea Lo 40, Rea-Lo, Remeven, Rynoderm, Uramaxin, Ure-K, Ureacin-20, Urevaz, Utopic']|https://www.drugs.com/cdi/nutraplus-urea-cream-and-ointment.html
['Generic Name: Diclofenac Gel (1%) (dye KLOE fen ak)Brand Name: Diclozor, Voltaren']|https://www.drugs.com/cdi/diclofenac-gel-1.html
['Class: Heavy Metal Antagonists', '- Antidotes', 'ATC Class: VO3AC01', 'VA Class: AD300', 'Chemical Name: N-[5-[3-[(5-aminopentyl)hydroxycarbamoyl]propionamido]pentyl]-3-[[5-(N-hydroxyacetamido)pentyl]carbamoyl]propionohydroxamic acid monomethanesulfonate (salt)', 'Molecular Formula: C25H48N6O8.CH4O3S', 'CAS Number: 138-14-7', 'Brands: Desferal']|https://www.drugs.com/monograph/deferoxamine-mesylate.html
['Generic Name: Calcium Carbonate Chewable Tablets (KAL see um KAR bo nate)Brand Name: Cal-Mint, Calci-Chew']|https://www.drugs.com/cdi/calci-chew.html
['Class: CorticosteroidsNote: This monograph also contains information on Prednisolone Sodium Phosphate', 'ATC Class: S02BA03', 'VA Class: OP300', 'Chemical Name: 11ß,17,21-trihydroxypregna-1,4-diene-3,20-dione', 'Molecular Formula: C21H28O5', 'CAS Number: 52-21-1', 'Brands: AK-Pred, Econopred, Inflamase, Pred']|https://www.drugs.com/monograph/prednisolone-acetate-eent.html
['Generic Name: ferrous fumarate and polysaccharide iron', 'Dosage Form: capsule, gelatin coated']|https://www.drugs.com/pro/se-tan-dha.html
['Generic Name: glyburide and metformin (GLYE bure ide and met FOR min)Brand Names: Glucovance']|https://www.drugs.com/glucovance.html
['Generic Name: butalbital and acetaminophen combination (Oral route)']|https://www.drugs.com/cons/ezol.html
['Generic Name: Bupivacaine (byoo PIV a kane)Brand Name: Bupivacaine Fisiopharma, Bupivacaine Spinal, Marcaine, Marcaine Preservative Free, Marcaine Spinal, ...show all 10 brand names.P-Care M, ReadySharp Bupivacaine, Sensorcaine, Sensorcaine-MPF, Sensorcaine-MPF Spinal']|https://www.drugs.com/cdi/marcaine.html
['Neo-Polycin']|https://www.drugs.com/cons/neomycin-polymyxin-b-and-bacitracin-ophthalmic.html
['Generic Name: erythromycin and benzoyl peroxide', 'Dosage Form: gel']|https://www.drugs.com/pro/aktipak.html
['Generic Name: influenza virus vaccine recombinant (Intramuscular route)']|https://www.drugs.com/cons/flublok-quadrivalent-2017-2018-formula.html
['Generic Name: piperazine citrate liquid wormer', 'Dosage Form: FOR ANIMAL USE ONLY']|https://www.drugs.com/pro/pro-pet.html
['Generic Name: erythromycin ophthalmic (e RITH row MYE sin off THAL mik)Brand Name: Eyemycin, Ilotycin, Roymicin']|https://www.drugs.com/mtm/erythromycin-ophthalmic.html
['Generic Name: influenza virus vaccine (injection) (in floo ENZ a VYE rus VAK seen)Brand Names: FluLaval']|https://www.drugs.com/mtm/flulaval-pf-quadrivalent-2018-2019-injection.html
['Generic Name: nifedipine (nye FED i peen)Brand Names: Adalat CC, Afeditab CR, Nifediac CC, Nifedical XL, Procardia, Procardia XL, Adalat']|https://www.drugs.com/mtm/nifediac-cc.html
['Generic Name: L-Methylfolate with B Vitamins (L meth ill FOE late & B VYE tah mins)Brand Name: Cerefolin, Folbic RF, Foltanx, Foltanx RF, Foltx, ...show all 8 brand names.L-Methyl-MC, Metafolbic, Metanx']|https://www.drugs.com/cdi/foltanx-rf.html
['Class: beta-Adrenergic Blocking Agents', 'VA Class: CV100', 'Chemical Name: Methanesulfonamide,N-[4-[1-Hydroxy-2-[(1-methylethyl)amino]ethyl]phenyl]monohydrochloride', 'Molecular Formula: C12H20N2O3S•ClH', 'CAS Number: 959-24-0', 'Brands: Betapace, Betapace AF, Sorine, Sotylize']|https://www.drugs.com/monograph/sotalol-hydrochloride.html
['Generic Name: droxidopa (DROX i DOP a)Brand Name: Northera']|https://www.drugs.com/mtm/droxidopa.html
['Generic Name: azelaic acid (Topical route)']|https://www.drugs.com/cons/azelex-topical.html
['Generic Name: biotin (oral) (BYE oh tin)Brand Name: Appearex, Cyto B7, Hair, Skin & Nails']|https://www.drugs.com/mtm/hair-skin-nails.html
['Generic Name: bexarotene', 'Dosage Form: gel']|https://www.drugs.com/pro/targretin-gel.html
['Generic Name: methazolamide (meth a ZOLE a mide)Brand Name: Neptazane, Glauctabs, MZM']|https://www.drugs.com/mtm/methazolamide.html
['Generic Name: Methenamine, Sodium Phos Mono, Phenyl Salicylate, Methyl Blue, Hyoscyamine (meth EN a meen, SOW dee um FOS fate mon oh BAY sik, fen nil sa LIS i late, METH i leen bloo, & hye oh SYE a meen)Brand Name: Azuphen MB, Hyolev MB, Phosphasal, Ur N-C, Uramit MB, ...show all 21 brand names.Urelle, Uretron D/S, Uribel, Urimar-T, Urin DS, Uro-458, Uro-L, Uro-MP, UroAv-81, UroAv-B, Ustell, Uticap, Utira-C, Utrona-C, Vilamit MB, Vilevev MB']|https://www.drugs.com/cdi/utrona-c.html
['Generic Name: sofosbuvir, velpatasvir, and voxilaprevir (soe FOS bue vir, vel PAT as vir, and VOX i LA pre vir)Brand Names: Vosevi']|https://www.drugs.com/vosevi.html
['Generic Name: tropicamide ophthalmic (troe PIK a mide off THAL mik)Brand Name: Mydriacyl, Tropicacyl']|https://www.drugs.com/mtm/mydriacyl.html
['Lidex', 'Lidex-E', 'Vanos']|https://www.drugs.com/cons/fluocinonide-topical-application.html
['Generic Name: menthol', 'Dosage Form: ointment']|https://www.drugs.com/pro/mentholatum-natural-chest-rub.html
['Generic Name: Terbinafine Cream and Gel (TER bin a feen)Brand Name: Lamisil Advanced, Lamisil AT, Lamisil AT Athlete’s Foot, Lamisil AT Jock Itch']|https://www.drugs.com/cdi/lamisil-at-jock-itch.html
['Generic Name: estradiol (Transdermal route)']|https://www.drugs.com/cons/alora-transdermal.html
['Generic Name: potassium bicarbonate (poe tass EE um)Brand Name: Effervescent Potassium, K-Effervescent, K-vescent']|https://www.drugs.com/mtm/k-effervescent.html
['Generic Name: Calcium Acetate Capsules and Tablets (KAL see um AS e tate)Brand Name: PhosLo']|https://www.drugs.com/cdi/phoslo.html
['Generic Name: bimatoprost topical ophthalmic (bye MAT oh prost TOP ik al off THAL mik)Brand Name: Latisse']|https://www.drugs.com/mtm/bimatoprost-topical-ophthalmic.html
['Generic Name: Hyoscyamine, Atropine, Scopolamine, and Phenobarbital Elixir (hye oh SYE a meen, A troe peen, skoe POL a meen, & fee noe BAR bi tal)Brand Name: Donnatal']|https://www.drugs.com/cdi/hyoscyamine-atropine-scopolamine-and-phenobarbital-elixir.html
['Generic Name: cough and cold combinations (Oral route)']|https://www.drugs.com/cons/tanafed-dmx.html
['Generic Name: sodium citrate and citric acid', 'Dosage Form: oral liquid']|https://www.drugs.com/pro/cytra-2-oral-solution.html
['Generic Name: meloxicam (mel OKS i kam)Brand Names: Mobic, Vivlodex']|https://www.drugs.com/mobic.html
['Generic Name: Lactic Acid and Ammonium Hydroxide Lotion (LAK tik AS id & a MOE nee um hye DROKS ide)Brand Name: AmLactin, Geri-Hydrolac 12, Geri-Hydrolac 5, Lac-Hydrin, Lac-Hydrin Five, ...show all 8 brand names.Lac-Hydrin Twelve, LAClotion, Lacticare']|https://www.drugs.com/cdi/lac-hydrin-twelve.html
['Generic Name: ethinyl estradiol and ethynodiol diacetate (ETH in ill ESS tra DYE ol and ETH in o DYE ol dye AS e tate)Brand Name: Kelnor, Zovia 1/35, Zovia 1/50']|https://www.drugs.com/mtm/zovia-1-50.html
['Generic Name: fentanyl transdermal (skin patch) (FEN ta nil trans DERM al)Brand Names: Duragesic']|https://www.drugs.com/fentanyl.html
['Generic Name: flurandrenolide (Topical application route)']|https://www.drugs.com/cons/drenison-tape.html
['Generic Name: Sodium Bicarbonate, Citric Acid, and Simethicone Effervescent Granule Pkt (SOE dee um bye KAR bo nate/SIT rik AS id/sye METH i kone)Brand Name: EZ Gas II']|https://www.drugs.com/cdi/ez-gas-ii.html
['Generic Name: Dextrose Gel and Liquid (DEKS trose)Brand Name: Insta-Glucose']|https://www.drugs.com/cdi/dextrose-gel-and-liquid.html
['Generic Name: Vitamins (Multiple/Prenatal) (VYE ta mins, MUL ti pul/pree NAY tal)Brand Name: A-Free Prenatal, Azesco, CitraNatal 90 DHA, CitraNatal Assure, CitraNatal B-Calm, ...show all 83 brand names.CitraNatal Bloom, CitraNatal Bloom DHA, CitraNatal DHA, CitraNatal Harmony, CitraNatal Rx, Concept DHA, Concept OB, Duet, Duet DHA Balanced, Femecal OB, Folcaps Care One, Folet DHA, Folet One, Foltabs Prenatal, Foltabs Prenatal Plus DHA, Gesticare DHA, Infanate Balance, KPN Prenatal, M-Natal Plus, Mini-Prenatal, Multi-Nate 30, NeoNatal Plus, NeoNatal Vitamin, Nestabs ABC, Nexa Plus, Niva-Plus, NÃ©evo DHA, OB Complete Gold, OB Complete One, OB Complete Petite, OB Complete Premier, One A Day Womenâ€™s Prenatal, OptiNate, Paire OB Plus DHA, PreCare, PreferaOB + DHA, PreferaOB One, PreferaOB, Prena1, Prena1 True, Prenatabs FA, Prenatabs Rx, Prenatal 19, Prenatal One Daily, Prenatal Rx 1, Prenate AM, Prenate DHA, Prenate Elite, Prenate Essential, Prenate Mini, Prenate Pixie, Prenate Star, PreNexa Premier, PrimaCare, Provida DHA, Select-OB, TriCare Prenatal, TriCare Prenatal DHA One, TriStart DHA, VIL-Rx, Vinate Care, Virt Nate, Virt-Advance, Virt-C DHA, Virt-PN DHA, Virt-PN, Virt-Vite GT, VirtPrex, Vitafol Ultra, Vitafol-Nano, Vitafol-OB, Vitafol-OB+DHA, VitaPhil + DHA, Vol-Tab Rx, VP-CH-PNV, VP-Heme OB + DHA, VP-Heme OB, VP-PNV-DHA']|https://www.drugs.com/cdi/vitaphil-dha.html
['Generic Name: lidocaine topical (LYE doe kane TOP i kal)Brand Names: AneCream, AneCream with Tegaderm, Anestacon, Bactine, LidaMantle, Lidocream, Lidoderm, Lidosense5, LMX 4, LMX 4 with Tegaderm, LMX 5, Medi-Quik Spray, Senatec, Xylocaine Jelly, Xylocaine Topical, Zilactin-L']|https://www.drugs.com/lidoderm.html
['Generic Name: Pramoxine Rectal Foam (pra MOKS een)Brand Name: Proctofoam']|https://www.drugs.com/cdi/pramoxine-rectal-foam.html
['Generic Name: pentazocine hydrochloride and acetaminophen', 'Dosage Form: Caplets']|https://www.drugs.com/pro/talacen.html
['Generic Name: Butalbital, Acetaminophen, and Caffeine Capsules and Tablets (byoo TAL bi tal, a seet a MIN oh fen, & KAF een)Brand Name: Dolgic Plus, Fioricet']|https://www.drugs.com/cdi/butalbital-acetaminophen-and-caffeine-capsules-and-tablets.html
['Generic Name: elbasvir and grazoprevir (ELB as vir and graz OH pre vir)Brand Name: Zepatier']|https://www.drugs.com/mtm/elbasvir-and-grazoprevir.html
['Typhim Vi', 'Typhoid Vi Polysaccharide Vaccine']|https://www.drugs.com/cons/typhoid-vi-polysaccharide-vaccine-intramuscular.html
['Generic Name: ranitidine', 'Dosage Form: tablet']|https://www.drugs.com/pro/acid-relief.html
['Generic Name: diphenhydramine and ibuprofen (DYE fen HYE dra meen and EYE bue proe fen)Brand Name: Advil PM, Advil PM Liqui-Gels, Ibuprofen PM, Motrin PM']|https://www.drugs.com/mtm/advil-pm.html
['Generic Name: dorzolamide and timolol (Ophthalmic route)']|https://www.drugs.com/cons/cosopt-ocumeter.html
['Generic Name: tilmicosin phosphate injection', 'Dosage Form: FOR ANIMAL USE ONLY']|https://www.drugs.com/pro/micotil-300.html
['Generic Name: lysine acetate, leucine, phenylalanine, valine, isoleucine, methionine, threonine, tryptophan, alanine, arginine, glycine, histidine, proline, glutamic acid, serine, aspartic acid and tyrosine', 'Dosage Form: injection, solution']|https://www.drugs.com/pro/amino-acids-injection.html
['Generic Name: Nicotine Nasal Spray (nik oh TEEN)Brand Name: Nicotrol NS']|https://www.drugs.com/cdi/nicotine-nasal-spray.html
['Generic Name: tinidazole (tye NYE da zole)Brand Names: Tindamax']|https://www.drugs.com/tindamax.html
['Generic Name: alogliptin and metformin (AL oh GLIP tin and met FOR min)Brand Name: Kazano']|https://www.drugs.com/mtm/alogliptin-and-metformin.html
['Dosage Form: oral suspension']|https://www.drugs.com/pro/oxcarbazepine-suspension.html
['Generic Name: pneumococcal polysaccharides vaccine (PPSV), 23-valent (NOO moe KOK al POL ee SAK a rides, 23-VAY lent)Brand Name: Pneumovax 23']|https://www.drugs.com/mtm/pneumovax-23.html
['Generic Name: Acetaminophen, Chlorpheniramine, and Phenylephrine Tablets (ah seet ah MIN oh fen, klor fen EER a meen, & fen ill EF rin)Brand Name: Allergy Multi-Symptom, Allergy Multi-Symptom Daytime, Comtrex Flu Therapy Day/Night, Comtrex Severe Cold & Sinus, Contac Cold+Flu Maximum Strength, ...show all 16 brand names.Contac Cold/Flu Day & Night, Coricidin D Cold/Flu/Sinus, Dristan Cold, Medicidin-D, Norel AD, Onset Forte, Robitussin Peak Cold Nasal Relief, Super Cold Tabs, Super Strength Sinadrin, Tylenol Allergy Multi-Symptom, Tylenol Sinus Congestion/Pain']|https://www.drugs.com/cdi/allergy-multi-symptom.html
['Generic Name: codeine, guaifenesin, and pseudoephedrine (KOE deen, gwye FEN e sin, and soo doe e FED rin)Brand Name: Ambifed CD, Biotussin DAC, Cheratussin DAC, Guaifen DAC, Lortuss EX, Maxifed-G CD, Nucofed Pediatric Expectorant, Tricode GF, Tusnel C, Virtussin DAC']|https://www.drugs.com/mtm/virtussin-dac.html
['Generic Name: amikacin (AM i KAY sin)Brand Name: Amikin, Amikin Pediatric']|https://www.drugs.com/mtm/amikacin.html
['Paraplatin', 'Paraplatin NovaPlus']|https://www.drugs.com/cons/carboplatin-intravenous.html
['Generic Name: hydrocortisone acetate, aloe vera leaf and iodoquinol', 'Dosage Form: gel']|https://www.drugs.com/pro/alcortin-a-gel.html
['Generic Name: hydrocodone and ibuprofen (HYE dro KOE done and EYE bue pro fen)Brand Name: Ibudone, Vicoprofen, Reprexain, Xylon 10']|https://www.drugs.com/mtm/reprexain.html
['Generic Name: Cromolyn Capsules (KROE moe lin)']|https://www.drugs.com/cdi/cromolyn-capsules.html
['Class: CorticosteroidsNote: This monograph also contains information on Betamethasone, Betamethasone Valerate', 'ATC Class: D07BC01', 'VA Class: DE200', 'CAS Number: 378-44-9', 'Brands: Alphatrex, Betatrex, Beta-Val, Diprolene, Luxiq, Maxivate']|https://www.drugs.com/monograph/betamethasone-dipropionate-topical.html
['Generic Name: mirabegron (MIR a BEG ron)Brand Name: Myrbetriq']|https://www.drugs.com/mtm/mirabegron.html
['Lanoxin', 'Lanoxin Pediatric']|https://www.drugs.com/cons/digoxin-intravenous.html
['Generic Name: Phenobarbital Elixir (fee noe BAR bi tal)']|https://www.drugs.com/cdi/phenobarbital-elixir.html
['Generic Name: cough and cold combinations (Oral route)']|https://www.drugs.com/cons/pediatex-12d.html
['Generic Name: oxytocin (OX i TOE sin)Brand Name: Pitocin, Syntocinon']|https://www.drugs.com/mtm/oxytocin.html
['Generic Name: testosterone injection (tes TOS ter one)Brand Name: Aveed, Depo-Testosterone, Testosterone Cypionate, Testosterone Enanthate, Xyosted']|https://www.drugs.com/mtm/delatestryl.html
['Generic Name: ivermectin injection', 'Dosage Form: FOR ANIMAL USE ONLY']|https://www.drugs.com/pro/noromectin.html
['Generic Name: oxymetholone', 'Dosage Form: tablet']|https://www.drugs.com/pro/anadrol.html
['Generic Name: daclatasvir (dak LAT as vir)Brand Name: Daklinza']|https://www.drugs.com/mtm/daclatasvir.html
['Generic Name: buprenorphine (injection - Buprenex) (byoo pre NOR feen)Brand Name: Buprenex']|https://www.drugs.com/mtm/buprenex-injection-buprenex.html
['Generic Name: metronidazole (Oral route)']|https://www.drugs.com/cons/flagyl-oral-intravenous.html
['Generic Name: Urea Lotion (yoor EE a)Brand Name: Atrac-Tain, Beta Care Betamide, Cerovel, Gormel 10, Nutraplus, ...show all 11 brand names.Rea Lo 40, Rea-Lo, Ultra Mide 25, Uramaxin, Urea-C40, Ureacin-10']|https://www.drugs.com/cdi/beta-care-betamide.html
['Generic Name: Stavudine Oral Solution (STAV yoo deen)Brand Name: Zerit']|https://www.drugs.com/cdi/zerit-stavudine-oral-solution.html
['Generic Name: Colchicine Tablets (KOL chi seen)Brand Name: Colcrys']|https://www.drugs.com/cdi/colchicine-tablets.html
['Generic Name: hydroxychloroquine sulfate', 'Dosage Form: tablet, film coated']|https://www.drugs.com/pro/hydroxychloroquine-tablets.html
['Generic Name: ergocalciferol (vitamin D2) (ER goe kal SIF e role)Brand Name: Calcidol, Calciferol, Drisdol, Vitamin D2']|https://www.drugs.com/mtm/calciferol.html
['Class: Nucleosides and Nucleotides', 'VA Class: AM800', 'CAS Number: 59277-89-3', 'Brands: Zovirax']|https://www.drugs.com/monograph/acyclovir-sodium.html
['Generic Name: bupropion (byoo PRO pee on)Brand Name: Aplenzin, Forfivo XL, Wellbutrin SR, Wellbutrin XL, Zyban Advantage Pack']|https://www.drugs.com/mtm/wellbutrin-xl.html
['Generic Name: torsemide (TORE se mide)Brand Name: Demadex']|https://www.drugs.com/mtm/demadex.html
['Class: Phenothiazines', 'VA Class: CN701', 'Chemical Name: 10-[3-(4-methylpiperazin-1-yl)propyl]-2-(trifluoromethyl)-10H-phenothiazine', 'Molecular Formula: C21H24F3N3S', 'CAS Number: 117-89-5', 'Brands: Stelazine']|https://www.drugs.com/monograph/trifluoperazine-hydrochloride.html
['Generic Name: lamivudine (Oral route)']|https://www.drugs.com/cons/heptovir.html
['Generic Name: Menthol Aerosol Powder (MEN thole)']|https://www.drugs.com/cdi/menthol-aerosol-powder.html
['Generic Name: dextrose, sodium acetate, sodium chloride, potassium chloride and magnesium chloride', 'Dosage Form: injection, solution']|https://www.drugs.com/pro/isolyte-h.html
['Generic Name: Emollient Cream, Emulsion, Gel, Lotion, and Ointment (ee MOL ee ents)Brand Name: Atopiclair, Atrapro Antipruritic, Aurstat, AVO Cream, Biafine, ...show all 21 brand names.DermaPhor, Droxy, Eletone, Emulsion SB, EpiCeram Skin Barrier, Loutrex, Moisturel, Nivatopic Plus, Pen-Kera, PR Cream, Promiseb, PruClair, PruMyx, PruTect, TL Triseb, Tropazone']|https://www.drugs.com/cdi/tl-triseb.html
['Generic Name: guaifenesin, hydrocodone, and pseudoephedrine (gwye FEN e sin, HYE droe KOE done, SOO doe ee FED rin)Brand Name: Entex HC, Hycofenix, Su-Tuss HD Elixir, ...show all 27 brand namesEntuss-D JR, Decotuss-HD, Vanex Expectorant, Tussadur-HD, Duratuss HD(obsolete), Tussend Expectorant, Detussin Expectorant, Tussgen Expectorant, SRC Expectorant, Nalex Expectorant, Deconamine CX, Poly-Tussin XP, Entuss-D, Hydrotussin HD, KG-Tuss HD, Medtuss HD, Spantuss HD, Vanacon, Tussafin Liquid, Hytussin Expectorant, Drituss HD, Hydro-Tuss XP, Dynex HD, Pseudatex HC']|https://www.drugs.com/mtm/guaifenesin-hydrocodone-and-pseudoephedrine.html
['Generic Name: meningococcal vaccine (Intramuscular route, Subcutaneous route)']|https://www.drugs.com/cons/menactra-intramuscular-subcutaneous.html
['Generic Name: Meperidine Tablets (me PER i deen)Brand Name: Demerol, Meperitab']|https://www.drugs.com/cdi/meperitab.html
['Class: Bone Resorption Inhibitors', '- Bone Resorption Inhibitors', '- Bisphosphonates', 'VA Class: HS900', 'Chemical Name: (4-Amino-1-hydroxybutylidene)bis-phosphonic acid, monosodium salt, trihydrate', 'Molecular Formula: C4H13NO7P2â€¢3H2Oâ€¢Na', 'CAS Number: 121268-17-5', 'Brands: Fosamax, Binosto']|https://www.drugs.com/monograph/alendronate-sodium.html
['Generic Name: ursodiol (ur so DY all)Brand Name: Actigall, Urso, Urso Forte, Urso DS']|https://www.drugs.com/mtm/ursodiol.html
['Generic Name: travoprost', 'Dosage Form: ophthalmic solution']|https://www.drugs.com/pro/travatan-z-ophthalmic-solution.html
['Generic Name: cranberry (KRAN ber ee)Brand Name: AZO Cranberry Gummies, Azo-Cranberry, Ellura, TheraCran HP']|https://www.drugs.com/mtm/ellura.html
['Generic Name: Darunavir, Cobicistat, Emtricitabine, and Tenofovir Alafenamide (dar UE na vir, koe BIK i stat, EM trye SYE ta been, and ten OF oh vir AL a FEN a mide)Brand Name: Symtuza']|https://www.drugs.com/cdi/darunavir-cobicistat-emtricitabine-and-tenofovir-alafenamide.html
['Generic Name: Desonide Lotion (DES oh nide)Brand Name: DesOwen, LoKara']|https://www.drugs.com/cdi/desowen-desonide-lotion.html
['Class: Antineoplastic Agents', '- Isocitrate Dehydrogenase-2 Inhibitor', '- IDH2 Inhibitor', 'Chemical Name: 2-propanol, 2-methyl-1-[[4-[6-(trifluoromethyl)pyridin-2-yl]-6-[[2-(trifluoromethyl)pyridin-4-yl]amino]-1,3,5-triazin-2-yl]amino] methane sulfonate (1:1)', 'Molecular Formula: C20H21F6N7O4S', 'CAS Number: 1650550-25-6', 'Brands: Idhifa']|https://www.drugs.com/monograph/enasidenib-mesylate.html
['Generic Name: Menthol Lozenges (MEN thol)Brand Name: Cepacol Regular Strength, Cepacol Sore Throat, Dads Menthol Throat Drop, Flanax Cough Relief, Halls Cough Drops, ...show all 16 brand names.Ludens Throat Drops, Medikoff Drops, Medikoff Drops SF, Ricola Cherry Honey Herb, Ricola Herb, Ricola Honey Herb, Ricola Lemon Mint, Ricola Mountain Herb, Ricola Natural Herb, Ricola with Echinacea, Vicks VapoDrops']|https://www.drugs.com/cdi/dads-menthol-throat-drop.html
['Generic Name: naftifine hydrochloride', 'Dosage Form: gel']|https://www.drugs.com/pro/naftin-gel.html
['Generic Name: sodium hyaluronate (injection) (SO dee um HYE al yoo RON ate)Brand Name: Durolane, Euflexxa, Gel-One, Gelsyn-3, Hyalgan, Supartz']|https://www.drugs.com/mtm/durolane-injection.html
['Generic Name: dimethyl sulfoxide (dye METH il sul FOX ide)Brand Name: Cryoserv, Rimso-50']|https://www.drugs.com/mtm/rimso-50.html
['Generic Name: hydroxyzine (hye DROX ee zeen)Brand Names: Atarax']|https://www.drugs.com/atarax.html
['Generic Name: Propranolol Tablets (proe PRAN oh lole)Brand Name: Inderal']|https://www.drugs.com/cdi/propranolol-tablets.html
['Class: Vaccines', 'ATC Class: J07BK01', 'VA Class: IM100', 'Brands: Varivax', '', 'Varicella Virus Vaccine Live is also contained as an ingredient in the following combinations:', 'Measles, Mumps, Rubella and Varicella Virus Vaccine Live']|https://www.drugs.com/monograph/varicella-virus-vaccine-live.html
['Generic Name: Vitamin B Complex Combinations Liquid (VYE ta min bee KOM pleks kom bi NAY shuns)Brand Name: Apetex, Apetigen, Biotalan Clear, Geravim, Geriaton, ...show all 9 brand names.Nephronex, Rabano Yodado, Supervite, Vitonic']|https://www.drugs.com/cdi/apetigen.html
["Generic Name: Pentafluoropropane and Tetrafluoroethane (pen ta flure oh  PRO pane &  tet ra flure oh ETH ane)Brand Name: Gebauer's Instant Ice, Gebauer's Pain Ease, Gebauer's Spray and Stretch"]|https://www.drugs.com/cdi/gebauer-s-pain-ease.html
['Generic Name: folic acid and cholecalciferol', 'Dosage Form: capsule']|https://www.drugs.com/pro/ciferex.html
['Generic Name: Pseudoephedrine Capsules and Tablets (soo doe e FED rin)Brand Name: Genaphed, Nasal Decongestant, Nexafed, Psudatabs, Shopko Nasal Decongestant Max, ...show all 10 brand names.Simply Stuffy, Sudafed, SudoGest, Suphedrine, Zephrex-D']|https://www.drugs.com/cdi/shopko-nasal-decongestant-max.html
['Generic Name: antivenom (Centruroides scorpion) (AN tee VEN um (SEN troo ROY dees SKOR pee on))Brand Names: Anascorp']|https://www.drugs.com/anascorp.html
['Generic Name: codeine, guaifenesin, and pseudoephedrine (KOE deen, gwye FEN e sin, and soo doe e FED rin)Brand Name: Ambifed CD, Biotussin DAC, Cheratussin DAC, Guaifen DAC, Lortuss EX, Maxifed-G CD, Nucofed Pediatric Expectorant, Tricode GF, Tusnel C, Virtussin DAC']|https://www.drugs.com/mtm/lortuss-ex.html
['Generic Name: piperonyl butoxide and pyrethrins topical (pye PER oh nil bue TOX ide and pye REE thrins TOP i kal)Brand Name: A-200 Lice Treatment, Good Sense Lice Killing Shampoo, Step 1, Leader Lice Solution, Pronto Lice Kill System, R & C Lice Treatment Kit, Rid Pediculicide, Tegrin-LT Lice Treatment Kit, Triple X Pediculicide']|https://www.drugs.com/mtm/triple-x-pediculicide.html
['Generic Name: daptomycin (DAP to my sin)Brand Names: Cubicin, Cubicin RF']|https://www.drugs.com/cubicin.html
['Class: Estrogen Agonists-Antagonists', '- Antiestrogens', 'ATC Class: G03XC01', 'VA Class: HS900', 'Chemical Name: 6-Hydroxy-2-(p-hydroxyphenyl)benzo[b]thien-3-yl-p-(2-piperidinoethoxy)phenyl ketone hydrochloride', 'Molecular Formula: C28H27NO4Sâ€¢ClH', 'CAS Number: 82640-04-8', 'Brands: Evista']|https://www.drugs.com/monograph/raloxifene-hydrochloride.html
['Generic Name: cough and cold combinations (Oral route)']|https://www.drugs.com/cons/flutuss-xp.html
['Generic Name: hydrocortisone butyrate', 'Dosage Form: topical lotion']|https://www.drugs.com/pro/locoid-lotion.html
['Generic Name: cough and cold combinations (Oral route)']|https://www.drugs.com/cons/tussi-12-s.html
['Generic Name: Loratadine Capsules and Tablets (lor AT a deen)Brand Name: Claritin Liqui-Gels']|https://www.drugs.com/cdi/claritin-liqui-gels.html
["Generic Name: chlorpheniramine, dextromethorphan, and pseudoephedrine (klor feh NEER a meen, dex tro meh THOR fan, and soo doe eh FEH drin)Brand Name: Kidkare Cough/Cold, Pediatric Cough & Cold Medicine, Rescon-DM, Triaminic Cold and Cough, Vicks Pediatric Formula 44M, ...show all 36 brand namesTriaminic Night Time, Rhinosyn-DM, Pediacare Nightrest, Pediacare Cough-Cold Chewable, Robitussin Pediatric Night Relief, Vicks 44M Pediatric, Creomulsion Cough/Cold/Allergy, Nyquil Child Cough and Cold, Creomulsion Pediatric, Pediacare Cough and Cold, Childrens Night Time, Children's NyQuil, Triaminic Softchew Cold and Cough, Tanafed-DM, C-Phed DM, T-Tanna-DM, M-End DM, Atuss-12 DM, Robitussin PM Cough & Cold, Dicel DM, Atuss DS, Pediatric Cough & Cold Medicine, Neutrahist PDX Drops, AccuHist PDX Drops, Triaminic Multi-Sympton, Allres DS, Triaminic-D Multi-Symptom Cold, Entre-S, Dicel DM Chewables, Mesehist DM, Esocor P"]|https://www.drugs.com/mtm/atuss-ds.html
['Generic Name: ezetimibe and simvastatin (ez ET i mibe and SIM va stat in)Brand Names: Vytorin']|https://www.drugs.com/vytorin.html
['Generic Name: paricalcitol', 'Dosage Form: injection, solution']|https://www.drugs.com/pro/zemplar-injection.html
['Generic Name: Menthol Gel, Liquid, and Solution (MEN thole)Brand Name: Aspercreme Heat, Aspercreme Max Roll-On, Bengay Cold Therapy, Bengay Vanishing Scent, Bengay Zero Degrees, ...show all 32 brand names.Berri-Freez Pain Relieving, Biofreeze, Biofreeze Colorless Gel, Biofreeze Roll-On Colorless Gel, Blue Gel, Blue-Emu Maximum Strength, Cold Therapy Pain Relief, Cool N Heat Maximum Strength, Fast Freeze Pro Style Therapy, Flexall, Gold Bond Pain Relieving Foot, Ice Blue, Icy Hot, Icy Hot Medicated Spray, Icy Hot Pain Relieving Gel, Icy Hot Power, Mineral Freeze, Mineral Ice, Pain Relief Maximum Strength, Pain Relieving Gel, PolarFrost, Sombra Cool Therapy, Stopain, Stopain Roll-On, Therapeutic Ice, Therapeutic Menthol, Zims Max-Freeze']|https://www.drugs.com/cdi/berri-freez-pain-relieving.html
['Generic Name: Coal Tar Shampoo (kohl tar)Brand Name: Doak Tar, Ionil T']|https://www.drugs.com/cdi/coal-tar-shampoo.html
['Generic Name: Doxycycline Tablets, Salicylic Acid Wash, and Sunscreen Lotion Kit (doks i SYE kleen & SAL i SIL ik AS id)Brand Name: Avidoxy DK']|https://www.drugs.com/cdi/avidoxy-dk.html
['Clenpiq', 'Prepopik']|https://www.drugs.com/cons/sodium-picosulfate-magnesium-and-citric-acid.html
['Bicnu']|https://www.drugs.com/cons/carmustine-intravenous.html
['Generic Name: cetirizine hydrochloride', 'Dosage Form: liquid']|https://www.drugs.com/pro/up-and-up-childrens-all-day-allergy-relief.html
['Generic Name: brompheniramine (BROM fen IR a meen)Brand Name: Siltane']|https://www.drugs.com/mtm/siltane.html
['Generic Name: Ethinyl Estradiol and Levonorgestrel (ETH in il es tra DYE ole & LEE voe nor jes trel)Brand Name: Afirmelle, Altavera, Amethia, Amethia Lo, Amethyst, ...show all 44 brand names.Ashlyna, Aubra, Aubra EQ, Aviane, Ayuna, Balcoltra, Camrese, Camrese Lo, Chateal, Chateal EQ, Daysee, Delyla, Enpresse-28, FaLessa, Falmina, Fayosim, Introvale, Jolessa, Kurvelo, Larissia, Lessina, Levonest, Levora 0.15/30 (28), Lillow, LoSeasonique, Lutera, Marlissa, Myzilra, Orsythia, Portia-28, Quartette, Quasense, Rivelsa, Seasonique, Setlakin, Simpesse, Sronyx, Trivora (28), Vienva']|https://www.drugs.com/cdi/chateal.html
['Generic Name: thioridazine (THYE oh RID a zeen)Brand Name: Mellaril, Mellaril-S']|https://www.drugs.com/mtm/thioridazine.html
['Generic Name: Pseudoephedrine Extended-Release Tablets (12 Hour) (soo doe e FED rin)Brand Name: Decongestant 12Hour Max St, Shopko Nasal Decongestant, Sudafed 12 Hour, SudoGest 12 Hour']|https://www.drugs.com/cdi/sudogest-12-hour.html
['Generic Name: testolactone (Oral route)']|https://www.drugs.com/cons/teslac.html
['Generic Name: gentamicin (Ophthalmic route)']|https://www.drugs.com/cons/gentafair.html
['Generic Name: Ketoconazole Cream (kee toe KOE na zole)Brand Name: Kuric, Nizoral']|https://www.drugs.com/cdi/ketoconazole-cream.html
['Generic Name: fluorouracil (Topical route)']|https://www.drugs.com/cons/efudex-topical.html
['Generic Name: Propranolol Oral Solution (Hemangeol) (proe PRAN oh lole)Brand Name: Hemangeol']|https://www.drugs.com/cdi/propranolol-oral-solution-hemangeol.html
['Generic Name: Hyoscyamine, Atropine, Scopolamine, and Phenobarbital Elixir (hye oh SYE a meen, A troe peen, skoe POL a meen, & fee noe BAR bi tal)Brand Name: Donnatal']|https://www.drugs.com/cdi/donnatal-hyoscyamine-atropine-scopolamine-and-phenobarbital-elixir.html
['Generic Name: Succinylcholine (suks in il KOE leen)Brand Name: Anectine, Quelicin']|https://www.drugs.com/cdi/succinylcholine.html
['Generic Name: Benzoyl Peroxide Wash and Cleanser (BEN zoe il peer OKS ide)Brand Name: Benzac AC Wash, Benzac W Wash, BenzePrO Creamy Wash, Benziq Wash, Benzoyl Peroxide Wash, ...show all 16 brand names.BP Foaming Wash, BP Wash, BPO-10 Wash, BPO-5 Wash, Desquam-X Wash, Effaclor Duo, Neutrogena Clear Pore, PanOxyl Wash, PanOxyl-4 Creamy Wash, PanOxyl-8 Creamy Wash, PR Benzoyl Peroxide Wash']|https://www.drugs.com/cdi/bpo-10-wash.html
['Generic Name: vardenafil (var DEN a fil)Brand Names: Levitra, Staxyn']|https://www.drugs.com/staxyn.html
['Generic Name: dexamethasone (Oral route)']|https://www.drugs.com/cons/dexpak-jr.html
['Generic Name: Hyoscyamine, Atropine, Scopolamine, and Phenobarbital Tablets (hye oh SYE a meen, A troe peen, skoe POL a meen, & fee noe BAR bi tal)Brand Name: Donnatal, Hyosophen']|https://www.drugs.com/cdi/alkabel-sr.html
['Generic Name: estradiol vaginal (local) (ES tra DYE ole VA jin ul (LO kul))Brand Name: Estrace Vaginal, Estring, Vagifem, Yuvafem']|https://www.drugs.com/mtm/estradiol-vaginal-local.html
['Dosage Form: capsule']|https://www.drugs.com/pro/triamterene-and-hydrochlorothiazide-capsules.html
['Generic Name: moxifloxacin hydrochloride', 'Dosage Form: ophthalmic solution']|https://www.drugs.com/pro/moxifloxacin-ophthalmic-solution.html
['Generic Name: salicylate (Oral route, Rectal route)']|https://www.drugs.com/cons/azulfidine-entabs-oral-rectal.html
['Generic Name: methyl salicylate, capsaicin, menthol and lidocaine hydrochloride', 'Dosage Form: lotion']|https://www.drugs.com/pro/terocin.html
['Generic Name: multivitamins with fluoride (MUL tee VYE ta min with FLOOR ide)Brand Name: Floriva, MVC-Fluoride, Poly Vitamin with Fluoride, Poly-Vi-Flor, Quflora, Tri-Vi-Flor, Tri-Vitamin with Fluoride']|https://www.drugs.com/mtm/poly-vi-flor.html
['Generic Name: cabozantinib (KA boe ZAN ti nib)Brand Name: Cabometyx, Cometriq']|https://www.drugs.com/mtm/cabozantinib.html
['Generic Name: phenytoin sodium', 'Dosage Form: capsule, extended release']|https://www.drugs.com/pro/phenytoin-capsules.html
['Generic Name: Dihydroergotamine Injection (dye hye droe er GOT a meen)Brand Name: D.H.E. 45']|https://www.drugs.com/cdi/d-h-e-45.html
['Generic Name: Aspirin and Caffeine Tablets (AS pir in & cah FEEN)Brand Name: Back & Body Extra Strength, Bayer Back & Body Pain Extra Strength, Cope, CVS Back & Body, P-A-C']|https://www.drugs.com/cdi/p-a-c.html
['Gemzar', 'Infugem']|https://www.drugs.com/cons/gemcitabine-intravenous.html
['Class: Opiate Agonists', 'VA Class: CN101', 'Chemical Name: (Â±)-cis-2[(Dimethylamino)methyl]-1-(3-methoxyphenyl) cyclohexanol hydrochloride', 'Molecular Formula: C16H25NO2â€¢HCl', 'CAS Number: 53611-16-8', 'Brands: Conzip, Ultram, Ultram ER']|https://www.drugs.com/monograph/tramadol-hydrochloride.html
['Generic Name: diosmiplex (dye OS me plex)Brand Name: Vasculera']|https://www.drugs.com/mtm/vasculera.html
['Generic Name: thiopental sodium', 'Dosage Form: injection, powder, for solution']|https://www.drugs.com/pro/pentothal.html
['Generic Name: epoetin alfa (e POE e tin AL fa)Brand Name: Epogen, Procrit, Retacrit']|https://www.drugs.com/mtm/epoetin-alfa.html
['Generic Name: Doxercalciferol Injection (doks er kal si fe FEER ole)Brand Name: Hectorol']|https://www.drugs.com/cdi/hectorol-doxercalciferol-injection.html
['Generic Name: oxytetracycline hydrochloride', 'Dosage Form: FOR ANIMAL USE ONLY']|https://www.drugs.com/pro/tetroxy-hca.html
['Generic Name: magnesium oxide', 'Dosage Form: FOR ANIMAL USE ONLY']|https://www.drugs.com/pro/magmilax-bolus.html
['Generic Name: calcium and vitamin D combination (KAL see um and VYE ta min D)Brand Name: Calcitrate with D, Citracal + D, Os-Cal Calcium+D3, Oyster Shell Calcium with Vitamin D']|https://www.drugs.com/mtm/os-cal-calcium-d3.html
['Generic Name: betaxolol hydrochloride', 'Dosage Form: ophthalmic solution']|https://www.drugs.com/pro/betoptic.html
['Generic Name: hyoscyamine sulfate', 'Dosage Form: tablet']|https://www.drugs.com/pro/levbid-tablets.html
['Generic Name: levoleucovorin', 'Dosage Form: injection, powder, lyophilized, for solution']|https://www.drugs.com/pro/khapzory-injection.html
['Generic Name: mequinol and tretinoin', 'Dosage Form: topical solution']|https://www.drugs.com/pro/solage.html
['Generic Name: Technetium Tc 99m Exametazime (tek NEE shee um tee see nyne tee nyne em ex a MET a zeem)Brand Name: Ceretec, Drax Exametazime']|https://www.drugs.com/cdi/ceretec.html
['Generic Name: pyrantel (pie RAN tell)Brand Name: Pin-Away, Pinworm Medicine, Antiminth, Pin-X, Ascarel, Pinworm Caplets']|https://www.drugs.com/mtm/pin-x.html
['Generic Name: Quetiapine Extended-Release Tablets (kwe TYE a peen)Brand Name: Seroquel XR']|https://www.drugs.com/cdi/quetiapine-extended-release-tablets.html
['Generic Name: pegfilgrastim (PEG fil GRAS tim)Brand Names: Neulasta']|https://www.drugs.com/neulasta.html
['Generic Name: resorcinol (topical) (re SOR si nol)Brand Name: R A Acne, Resinol']|https://www.drugs.com/mtm/resorcinol-topical.html
['Generic Name: salicylic acid', 'Dosage Form: shampoo']|https://www.drugs.com/pro/keralyt-shampoo.html
['Dosage Form: capsule']|https://www.drugs.com/pro/acitretin-capsules.html
['Generic Name: acetaminophen and hydrocodone (a SEET a MIN oh fen and hye droe KOE done)Brand Name: Hycet, Lorcet, Norco, Verdrocet, Vicodin, Xodol, Zamicet']|https://www.drugs.com/mtm/zamicet.html
['Generic Name: thioridazine (THYE oh RID a zeen)Brand Name: Mellaril']|https://www.drugs.com/mtm/mellaril.html
['Generic Name: hydrocodone and acetaminophen (Oral route)']|https://www.drugs.com/cons/stagesic.html
['Generic Name: mesalamine (Rectal route)']|https://www.drugs.com/cons/pentasa-rectal.html
['Generic Name: Aluminum Hydroxide and Magnesium Carbonate Chewable Tablets (a LOO min uhm/mag NEE zee uhm KAR bon ate)Brand Name: Gaviscon Extra Relief Formula']|https://www.drugs.com/cdi/gaviscon-extra-relief-formula.html
['Generic Name: Divalproex Long-Acting Tablets (dye VAL proe ex)Brand Name: Depakote']|https://www.drugs.com/cdi/divalproex-long-acting-tablets.html
['Generic Name: brompheniramine maleate, pseudoephedrine hydrochloride and dextromethorphan hydrobromide', 'Dosage Form: syrup']|https://www.drugs.com/pro/sildec-dm-syrup.html
['Generic Name: thyrotropin alfa (THYE roe TROE pin AL fa)Brand Name: Thyrogen']|https://www.drugs.com/mtm/thyrogen.html
['Generic Name: deferiprone (de FER i prone)Brand Names: Ferriprox']|https://www.drugs.com/ferriprox.html
['Generic Name: Mannitol (Systemic) (MAN i tole)Brand Name: Osmitrol, Resectisol']|https://www.drugs.com/cdi/mannitol-systemic.html
['Generic Name: quinidine (Oral route, Injection route, Intramuscular route)']|https://www.drugs.com/cons/quinalan.html
['Generic Name: levonorgestrel emergency contraceptive (LEE voe nor jes trel)Brand Name: EContra EZ, Fallback Solo, My Way, Next Choice, Opcicon One-Step, Plan B One-Step, React']|https://www.drugs.com/mtm/plan-b-one-step.html
['Dosage Form: oral suspension']|https://www.drugs.com/pro/enhancer-barium-sulfate.html
['Generic Name: Budesonide Rectal Foam (bue DES oh nide)Brand Name: Uceris']|https://www.drugs.com/cdi/budesonide-rectal-foam.html
['Class: Selective beta-2-Adrenergic Agonists', 'VA Class: RE102', 'Chemical Name: Î±,Î±-Diphenylbenzeneacetic acid compd. with (Î±1R)-Î±1-[[[6-[2-[(2,6-dichlorophenyl)methoxy]ethoxy]hexyl]amino]methyl]-4-hydroxy-1,3-benzenedimethanol (1:1)', 'Molecular Formula: C24H33Cl2NO5â€¢C20H16O2', 'CAS Number: 503070-58-4', 'Brands: Breo Ellipta (combination)']|https://www.drugs.com/monograph/vilanterol-trifenatate.html
['Class: AdrenalsNote: This monograph also contains information on Methylprednisolone, Methylprednisolone Sodium Succinate', 'ATC Class: H02AB04', 'VA Class: HS051', 'CAS Number: 83-43-2', 'Brands: A-methaPred, DEPO-Medrol, Medrol, Medrol Dosepak, SOLU-Medrol']|https://www.drugs.com/monograph/methylprednisolone-acetate.html
['Generic Name: Peginterferon Alfa-2b (Sylatron) (peg in ter FEER on AL fa too bee)Brand Name: Sylatron']|https://www.drugs.com/cdi/peginterferon-alfa-2b-sylatron.html
['Generic Name: Phenazopyridine (fen az oh PEER i deen)Brand Name: AZO Urinary Pain Relief, Baridium, Pyridium, Urinary Pain Relief']|https://www.drugs.com/cdi/urinary-pain-relief.html
['Generic Name: belladonna and opium (rectal) (BEL a DON a and OH pee um)Brand Name: B & O Supprettes 15-A, B & O Supprettes 16-A, B & O Supprettes 15-A, B & O Supprettes 16-A']|https://www.drugs.com/mtm/belladonna-and-opium-rectal.html
['Generic Name: alclometasone topical (AL kloe MET a sone TOP ik al)Brand Name: Aclovate']|https://www.drugs.com/mtm/alclometasone-topical.html
['Lorabid', 'Lorabid Pulvules']|https://www.drugs.com/cons/loracarbef.html
['Generic Name: tizanidine (tye ZAN i deen)Brand Names: Zanaflex']|https://www.drugs.com/zanaflex.html
['Generic Name: chlorhexidine (Topical application route)']|https://www.drugs.com/cons/biopatch-w-chlorhexidine-gluconate.html
['Dosage Form: lotion']|https://www.drugs.com/pro/lindane.html
['Generic Name: Pediatric Multivitamin Liquid (MUL ti VYE ta min)Brand Name: BProtected Pedia Poly-Vite, Multi-Delyn, PediaVit, Poly-Vi-Sol, Polyvitamin OR SOLN']|https://www.drugs.com/cdi/pediavit.html
['Generic Name: Ritonavir Oral Solution (ri TOE na veer)Brand Name: Norvir']|https://www.drugs.com/cdi/norvir-ritonavir-oral-solution.html
['Generic Name: prednisolone (ophthalmic) (pred NIS oh lone off THAL mik)Brand Name: Omnipred, Pred Forte, Pred Mild, Prednisol']|https://www.drugs.com/mtm/omnipred-ophthalmic.html
['Generic Name: Leuprolide Injection (Prostate) (loo PROE lide)Brand Name: Lupron Depot']|https://www.drugs.com/cdi/leuprolide-injection-prostate.html
['Generic Name: estradiol', 'Dosage Form: pellet, implantable']|https://www.drugs.com/pro/estra-pellets.html
['Generic Name: Manganese Capsules and Tablets (MAN ga nees)Brand Name: Mangimin, MN-50']|https://www.drugs.com/cdi/manganese-capsules-and-tablets.html
['Generic Name: sodium fluoride', 'Dosage Form: oral paste, dentifrice']|https://www.drugs.com/pro/neutramaxx-5000-tcp.html
['Generic Name: cefepime (injection) (SEF e peem)Brand Name: Maxipime, Maxipime ADD-Vantage']|https://www.drugs.com/mtm/cefepime-injection.html
['Generic Name: atropine, homatropine, and scopolamine (Ophthalmic route)']|https://www.drugs.com/cons/isopto-hyoscine.html
['Generic Name: interferon beta-1b (in ter FEAR on BAY ta 1b)Brand Name: Betaseron, Extavia']|https://www.drugs.com/mtm/interferon-beta-1b.html
['Generic Name: acetic acid and hydrocortisone (otic) (as SEET ik AS sid and HYE droe KOR ti sone)Brand Name: Acetasol HC, Vosol HC']|https://www.drugs.com/mtm/acetasol-hc-otic.html
['Generic Name: durvalumab (dur VAL ue mab)Brand Name: Imfinzi']|https://www.drugs.com/mtm/durvalumab.html
['Generic Name: Pseudoephedrine Liquid (soo doe e FED rin)Brand Name: Childrens Silfedrine, Nasal Decongestant, Sudafed Childrens']|https://www.drugs.com/cdi/childrens-silfedrine.html
['Generic Name: Camphor Gel (KAM for)Brand Name: Band-Aid Anti-Itch, Benadryl Anti-Itch Childrens']|https://www.drugs.com/cdi/benadryl-anti-itch-childrens.html
['Generic Name: Levonorgestrel (IUD) (LEE voe nor jes trel)Brand Name: Kyleena, Liletta (52 MG), Mirena (52 MG), Skyla']|https://www.drugs.com/cdi/liletta-52-mg.html
['Generic Name: Isoflurane (eye soe FLURE ane)Brand Name: Forane, Terrell']|https://www.drugs.com/cdi/isoflurane.html
['Generic Name: brompheniramine, dextromethorphan, and pseudoephedrine (brom fen EER a meen, dex troe me THOR fan, soo doe e FED rin)Brand Name: Allanhist PDX Drops, Anaplex DM, Andehist DM NR Syrup, Bromaline DM, Bromfed DM, Bromhist PDX, Bromplex DM, Brotapp-DM, BroveX PSE DM, Dimetane DX, Neo DM, Q-Tapp DM, Resperal-DM Drops, Robitussin Allergy & Cough']|https://www.drugs.com/mtm/q-tapp-dm.html
['Generic Name: magnesium citrate (mag NEE see um SIH trate)Brand Name: Citrate of Magnesia, Citroma']|https://www.drugs.com/mtm/citrate-of-magnesia.html
['Lucentis']|https://www.drugs.com/cons/ranibizumab-intraocular.html
['Generic Name: Benzoyl Peroxide Wash and Cleanser (BEN zoe il peer OKS ide)Brand Name: Benzac AC Wash, Benzac W Wash, BenzePrO Creamy Wash, Benziq Wash, Benzoyl Peroxide Wash, ...show all 16 brand names.BP Foaming Wash, BP Wash, BPO-10 Wash, BPO-5 Wash, Desquam-X Wash, Effaclor Duo, Neutrogena Clear Pore, PanOxyl Wash, PanOxyl-4 Creamy Wash, PanOxyl-8 Creamy Wash, PR Benzoyl Peroxide Wash']|https://www.drugs.com/cdi/desquam-x-wash.html
['Generic Name: ibuprofen (EYE bue PROE fen)Brand Names: Motrin']|https://www.drugs.com/motrin.html
['Generic Name: guaifenesin and phenylephrine (gwye FEN e sin and FEN il EFF rin)Brand Name: Aldex G, Aquatab D, Deconex, Deconex IR, Donatussin Drops, D-Phen 1000, Duravent PE, Gilphex TR, Liquibid-PD, MucaphEd, Nariz, Prolex D, Sudafed PE Non-Drying Sinus, Supress-PE, Triaminic Chest & Nasal Congestion, Xpect-PE']|https://www.drugs.com/mtm/aldex-g.html
['Generic Name: dexamethasone (injection) (DEX a METH a sone)Brand Name: De-Sone LA, Dexacen-4, Dexasone, Dexasone LA, Solurex, Solurex LA']|https://www.drugs.com/mtm/solurex-la-injection.html
['Generic Name: Cimetidine Tablets (sye MET i deen)']|https://www.drugs.com/cdi/cimetidine-tablets.html
['Generic Name: dimercaprol (DYE mer KAP rol)Brand Name: BAL In Oil']|https://www.drugs.com/mtm/dimercaprol.html
['Generic Name: loperamide hydrochloride', 'Dosage Form: oral solution']|https://www.drugs.com/pro/good-neighbor-anti-diarrheal.html
['Generic Name: Phenylephrine, Dexchlorpheniramine, and Codeine (FEN il EF rin/DEX klor fen IR a meen/KOE deen)Brand Name: Pro-Red AC, Vanacof CD']|https://www.drugs.com/cdi/phenylephrine-dexchlorpheniramine-and-codeine.html
['Generic Name: prucalopride (proo KAL oh pride)Brand Names: Motegrity']|https://www.drugs.com/motegrity.html
['Generic Name: losartan (loe SAR tan)Brand Names: Cozaar']|https://www.drugs.com/cozaar.html
['Generic Name: azelastine hydrochloride', 'Dosage Form: ophthalmic solution']|https://www.drugs.com/pro/azelastine-ophthalmic-solution.html
['Generic Name: norethindrone (nor eth IN drone)Brand Name: Aygestin, Camila, Errin, Jolivette, Nora-Be, Ortho Micronor']|https://www.drugs.com/mtm/nora-be.html
['Generic Name: baricitinib (BAR i SYE ti nib)Brand Names: Olumiant']|https://www.drugs.com/olumiant.html
['Generic Name: sumatriptan succinate, menthol and capsacin', 'Dosage Form: kit']|https://www.drugs.com/pro/sumachip.html
['Generic Name: fluocinolone acetonide', 'Dosage Form: ear drops']|https://www.drugs.com/pro/flac-otic-oil.html
['Generic Name: Ciprofloxacin Eye Drops (sip row FLOX ah sin)Brand Name: Ciloxan']|https://www.drugs.com/cdi/ciloxan-ciprofloxacin-eye-drops.html
['Generic Name: dietary supplement', 'Dosage Form: tablet']|https://www.drugs.com/pro/dyzbac.html
['Generic Name: miconazole topical (my CON a zole)Brand Name: Azolen, Baza Antifungal, Critic-Aid Clear AF, Cruex Prescription Strength, DermaFungal, Dermagran AF, Desenex Foot, Desenex Jock Itch, Fungoid, Lotrimin AF, Micaderm, Micatin, Micro-Guard, Mitrazol, NuZole, Ony-Clear, Remedy, Secura Antifungal, Soothe & Cool Inzo, Tetterine, Triple Paste AF, Zeasorb-AF Drying Gel']|https://www.drugs.com/mtm/ony-clear.html
['Generic Name: Ziprasidone Capsules (zi PRAS i done)Brand Name: Geodon']|https://www.drugs.com/cdi/ziprasidone-capsules.html
['Generic Name: stanozolol (stah NO zo lall)Brand Names: Winstrol']|https://www.drugs.com/stanozolol.html
['Generic Name: estradiol (Transdermal route)']|https://www.drugs.com/cons/estradot-transdermal-therapeutic-system-transdermal.html
['Dosage Form: capsule, extended release']|https://www.drugs.com/pro/indomethacin-er.html
['Dosage Form: injection']|https://www.drugs.com/pro/acyclovir-iv-infusion.html
['Generic Name: tafenoquine (ta FEN o kwin)Brand Name: Arakoda, Krintafel']|https://www.drugs.com/mtm/krintafel.html
["Generic Name: diphenhydramine and phenylephrine (DYE fen HYE dra meen and FEN il EFF rin)Brand Name: Children's Triacting Night Time, Delsym Children's Night Time Cough & Cold, Dimetapp Nighttime Cold & Congestion, Dytan-D, PediaCare Children's Allergy & Cold, Robitussin Night Time Cough & Cold, Triaminic Night Time Cold & Cough, ...show all 24 brand namesDiphentann-D, D-Tann, Uni-Tann D, Aldex-CT, Diphenmax D, Triaminic Night Time Cold & Cough, Alahist LQ, Robitussin Night Time Cough & Cold, Robitussin Night Time Cough & Cold Pediatric, PediaCare Children's Allergy & Cold, Dimetapp Nighttime Cold & Congestion, Robitussin Night Time Cough & Cold Children's, Delsym Children's Nighttime Cough and Cold (obsolete), Zoden PD, Benadryl-D Children's Allergy & Sinus, Delsym Children's Night Time Cough & Cold, Children's Allergy Plus Congestion"]|https://www.drugs.com/mtm/diphenhydramine-and-phenylephrine.html
['Generic Name: Undecylenic Acid and Derivatives Cream and Ointment (un deh sil EN ik AS id & zink un deh sil EN ate)Brand Name: Athleteâ€™s Foot Maximum Strength, Fungi-Nail Toe & Foot, Hongo Cura Anti-Fungal, Undelenic']|https://www.drugs.com/cdi/fungi-nail-toe-foot.html
['Dosage Form: injection']|https://www.drugs.com/pro/zeel.html
['Generic Name: brompheniramine and phenylephrine (BROM fen IR a meen and FEN il EFF rin)Brand Names: Dimetapp Cold & Allergy']|https://www.drugs.com/dimetapp.html
['Generic Name: fluticasone topical (floo TIK a sone TOP i kal)Brand Name: Beser, Cutivate']|https://www.drugs.com/mtm/cutivate.html
['Generic Name: lidocaine viscous (LYE doe kane VIS kus)Brand Name: Lidocaine Viscous, LidoRxKit, LTA II Kit']|https://www.drugs.com/mtm/lidocaine-viscous.html
['Generic Name: Bexarotene (Systemic) (beks AIR oh teen)Brand Name: Targretin']|https://www.drugs.com/cdi/targretin-bexarotene-systemic.html
['Generic Name: Dextromethorphan and Chlorpheniramine Liquid and Syrup (deks troe meth OR fan & klor fen IR a meen)Brand Name: Scot-Tussin DM, Tricodene SF']|https://www.drugs.com/cdi/dextromethorphan-and-chlorpheniramine-liquid-and-syrup.html
['Generic Name: influenza virus vaccine recombinant (Intramuscular route)']|https://www.drugs.com/cons/flublok-quadrivalent-2017-2018-formula.html
['Generic Name: benzoyl peroxide', 'Dosage Form: cloth']|https://www.drugs.com/pro/bpo-9-foaming-cloths.html
['Generic Name: ascorbic acid, tribasic calcium phosphate, iron, cholecalciferol, alpha-tocopherol, pyridoxine hydrochloride, folic acid, doconexent and docusate sodium', 'Dosage Form: capsule']|https://www.drugs.com/pro/folivane-prx-dha-nf.html
['Generic Name: Salicylic Acid Pads (Acne) (sal i SIL ik AS id)Brand Name: Propa pH Acne Med Cleansing, Stridex Maximum Strength']|https://www.drugs.com/cdi/salicylic-acid-pads-acne.html
['Generic Name: Silver Pads (SIL ver)Brand Name: Acticoat Moisture Control, Acticoat Surgical, AgIE-GRX, Algicell Ag, Allevyn Ag Gentle, ...show all 9 brand names.Aquacel Ag Foam, Durafiber, Durafiber Ag, Silverseal Hydrogel Dressing']|https://www.drugs.com/cdi/durafiber.html
["Generic Name: salicylic acid topical (SAL i SIL ik AS id TOP ik al)Brand Name: Acnevir, Bensal HP, CeraVe SA Renewing, Compound W, DermalZone, Dermarest Psoriasis Skin Treatment, Dr Scholl's Clear Away Wart Remover, Dr Scholl's Corn Removers, Freezone Corn Remover, Keralyt, Mediplast, Salex, Scalpicin Scalp Relief, Stri-Dex, Wart Remover"]|https://www.drugs.com/mtm/cerave-sa-renewing.html
['Generic Name: Lactulose Powder for Oral Solution (LAK tyoo lose)Brand Name: Kristalose']|https://www.drugs.com/cdi/lactulose-powder-for-oral-solution.html
['Generic Name: Ribavirin Oral Solution (rye ba VYE rin)Brand Name: Rebetol']|https://www.drugs.com/cdi/ribavirin-oral-solution.html
['Generic Name: Menthol Gel, Liquid, and Solution (MEN thole)Brand Name: Aspercreme Heat, Aspercreme Max Roll-On, Bengay Cold Therapy, Bengay Vanishing Scent, Bengay Zero Degrees, ...show all 32 brand names.Berri-Freez Pain Relieving, Biofreeze, Biofreeze Colorless Gel, Biofreeze Roll-On Colorless Gel, Blue Gel, Blue-Emu Maximum Strength, Cold Therapy Pain Relief, Cool N Heat Maximum Strength, Fast Freeze Pro Style Therapy, Flexall, Gold Bond Pain Relieving Foot, Ice Blue, Icy Hot, Icy Hot Medicated Spray, Icy Hot Pain Relieving Gel, Icy Hot Power, Mineral Freeze, Mineral Ice, Pain Relief Maximum Strength, Pain Relieving Gel, PolarFrost, Sombra Cool Therapy, Stopain, Stopain Roll-On, Therapeutic Ice, Therapeutic Menthol, Zims Max-Freeze']|https://www.drugs.com/cdi/bengay-zero-degrees.html
['Generic Name: ethacrynate sodium (Intravenous route)']|https://www.drugs.com/cons/edecrin-sodium.html
['Class: Antitoxins and Immune Globulins', 'Brands: Anthim']|https://www.drugs.com/monograph/obiltoxaximab.html
['Generic Name: Nicardipine Capsules (nye KAR di peen)']|https://www.drugs.com/cdi/nicardipine-capsules.html
['Generic Name: Infliximab Injection (in FLIKS e mab)Brand Name: Remicade']|https://www.drugs.com/cdi/infliximab-injection.html
['Scientific Name(s): Lucilia sericata, Phaenicia sericataCommon Name(s): Botfly maggot, Fly larva, Grub, Living antiseptic, Maggot, Surgical maggot, Viable antiseptic']|https://www.drugs.com/npp/maggots.html
['Generic Name: tinidazole (tye NYE da zole)Brand Name: Tindamax, Fasigyn']|https://www.drugs.com/mtm/tinidazole.html
['Generic Name: granisetron (injection) (gra NIS e tron)Brand Name: Sustol']|https://www.drugs.com/mtm/granisetron-injection.html
['Generic Name: alogliptin (AL oh GLIP tin)Brand Names: Nesina']|https://www.drugs.com/nesina.html
['Generic Name: Melphalan Injection (MEL fa lan)Brand Name: Alkeran']|https://www.drugs.com/cdi/melphalan-injection.html
['Generic Name: Japanese encephalitis virus vaccine (SA14-14-2) (JAP a NEEZ en SEF a LYE tis VYE rus VAX een)Brand Name: Ixiaro']|https://www.drugs.com/mtm/japanese-encephalitis-virus-vaccine-sa14-14-2.html
['Generic Name: Prenatal Vitamin Without Vitamin A (pre NAY tal VYE ta min)Brand Name: Citranatal DHA, PreferaOB']|https://www.drugs.com/cdi/prenatal-vitamin-without-vitamin-a.html
['Generic Name: Hydrocortisone Rectal Foam (hye droe KOR ti sone)Brand Name: Cortifoam']|https://www.drugs.com/cdi/hydrocortisone-rectal-foam.html
['Generic Name: Hydroquinone (HYE droe kwin one)Brand Name: Aclaro, Alphaquin HP, AMBI Fade, Blanche, EpiQuin Micro, ...show all 18 brand names.Esoterica Daytime, Esoterica Facial, Esoterica Fade Nighttime, Esoterica Sensitive Skin, Exuviance Lightening Complex, Hydroquinone Time Release, Melpaque HP, Melquin 3, NeoStrata HQ Skin Lightening, Remergent HQ, Skin Bleaching, Skin Bleaching-Sunscreen, TL Hydroquinone']|https://www.drugs.com/cdi/alphaquin-hp-hydroquinone.html
['Class: Antineoplastic Agents', 'VA Class: AN100', 'Chemical Name: 1H-Benzimidazole-2-butanoic acid, 5-[bis(2-chloroethyl)amino]-1-methyl, monohydrochloride', 'Molecular Formula: C16H21Cl2N3O2 â€¢ HCl', 'CAS Number: 3543-75-7', 'Brands: Bendeka, Treanda']|https://www.drugs.com/monograph/bendamustine-hydrochloride.html
['Generic Name: cyclopentolate ophthalmic (sye kloe PEN toe late)Brand Name: Cyclogyl, Cylate']|https://www.drugs.com/mtm/cylate.html
['Generic Name: triptorelin (TRIP toe REL in)Brand Name: Trelstar, Triptodur, Trelstar Depot, Trelstar LA, Trelstar LA Mixject, Trelstar Depot Mixject, Trelstar Mixject']|https://www.drugs.com/mtm/triptorelin.html
['Class: Anti-inflammatory Agents', 'VA Class: GA900', 'Chemical Name: 2,3,4,5-Tetrahydro-5-methyl-2-[(5-methyl-1H-imidazol-4-yl)methyl]- 1H-pyrido[4,3-b]indol-1-one monohydrochloride', 'Molecular Formula: C17H18N4Oâ€¢HCl', 'CAS Number: 122852-69-1', 'Brands: Lotronex']|https://www.drugs.com/monograph/alosetron-hydrochloride.html
['Generic Name: famotidine, magnesium hydroxide and calcium carbonate', 'Dosage Form: tablet, chewable']|https://www.drugs.com/pro/topcare-complete-acid-reducer-plus-antacid.html
['Generic Name: benzoyl peroxide topical (BEN zoyl per OX ide)Brand Name: Acne-Clear, Benzac AC, BenzePrO, Benziq, Brevoxyl Acne Wash Kit, Clearskin, Fostex Wash 10%, NeoBenz Micro, Neutrogena Acne Mask, Oscion, Oxy Daily Wash, Oxy-10, Pacnex, PanOxyl, Persa-Gel, Riax, SoluCLENZ Rx, Triaz']|https://www.drugs.com/mtm/pacnex.html
['Generic Name: bacitracin zinc and polymyxin B sulfate', 'Dosage Form: ophthalmic ointment']|https://www.drugs.com/pro/bacitracin-polymyxin-b.html
['Generic Name: amantadine hydrochloride', 'Dosage Form: oral solution']|https://www.drugs.com/pro/amantadine-oral-solution-usp.html
['Class: Tetracyclines', 'VA Class: AM250', 'CAS Number: 60-54-8', 'Brands: Sumycin']|https://www.drugs.com/monograph/tetracycline-hydrochloride.html
['Generic Name: acetaminophen and codeine phosphate', 'Dosage Form: tablet']|https://www.drugs.com/pro/tylenol-with-codeine.html
['Generic Name: Brompheniramine, Dextromethorphan, and Phenylephrine (brome fen IR a meen dex troe meth OR fan & fen il EF rin)Brand Name: Alahist DM, AP-Hist DM, BroveX PEB DM, Dimaphen DM Cold/Cough, Dimetapp Cold Relief Childrens, ...show all 15 brand names.Dimetapp DM Cold/Cough, EndaCof-DM, Glenmax PEB DM FORTE, Glenmax PEB DM, LoHist-DM, M-Hist DM, Niva-Hist DM, Relcof DM, Rynex DM, TGQ 7.5PEH/4BRM/15DM']|https://www.drugs.com/cdi/glenmax-peb-dm-forte.html
['Generic Name: Carbamide Peroxide Liquid (KAR ba mide per OKS ide)Brand Name: Cankaid, Gly-Oxide']|https://www.drugs.com/cdi/gly-oxide.html
['Class: Adamantanes', 'VA Class: AM800', 'Chemical Name: Î±-Methyl tricyclo[3.3.1.13,7]decane-1-methanamine hydrochloride', 'Molecular Formula: C12H21Nâ€¢HCl', 'CAS Number: 1501-84-4', 'Brands: Flumadine']|https://www.drugs.com/monograph/rimantadine-hydrochloride.html
['Generic Name: fluticasone (Inhalation route)']|https://www.drugs.com/cons/flovent-rotadisk.html
['Generic Name: insulin lispro and insulin lispro protamine (IN soo lin LISS pro and IN soo lin LISS pro PRO ta meen)Brand Name: HumaLOG Mix 50/50, HumaLOG Mix 50/50 KwikPen, HumaLOG Mix 75/25, HumaLOG Mix 75/25 KwikPen']|https://www.drugs.com/mtm/humalog-mix-50-50-kwikpen.html
['Generic Name: mequinol and tretinoin (Topical route)']|https://www.drugs.com/cons/solage-topical.html
['Generic Name: methocarbamol (Injection route)']|https://www.drugs.com/cons/robaxin-injection.html
['Scientific Name(s): Pulsatilla patens (L.) Mill., Pulsatilla pratensis L., Pulsatilla vulgaris Mill.Common Name(s): Easter flower, Meadow anemone, Pasque flower, Pulsatilla, Wind flower']|https://www.drugs.com/npp/pasque-flower.html
['Generic Name: aspirin (oral) (AS pir in)Brand Name: Arthritis Pain, Aspir 81, Aspir-Low, Bayer Childrens Aspirin, Durlaza, Ecotrin, Ecpirin, Fasprin, Halfprin, Miniprin']|https://www.drugs.com/mtm/arthritis-pain.html
